파일명,소분류1,점수1,소분류2,점수2,소분류3,점수3
갈비_골목갈비_1838.jpg,Nighttime exterior with neon lights,0.2683,Night view with illuminated architecture,0.26,Historic street with stone facades,0.2403
갈비_초량골목갈비_1806.jpg,Sunlit window display with pastries,0.229,Early morning market street ambiance,0.2105,Glass-fronted shop in urban setting,0.1903
갈비_초량골목갈비_1807.jpg,Sunlit window display with pastries,0.2164,Rustic wooden market architecture,0.2022,Rustic wooden interior with chandeliers,0.2017
갈비_초량골목갈비_1808.jpg,Traditional thatched roof dining pavilion,0.2001,Open-air restaurant with ocean view,0.1952,Early morning market street ambiance,0.1941
갤러리카페_스타파이브_1066.jpg,Open-air restaurant with ocean view,0.2572,Modern minimalist restaurant architecture,0.247,Glass-walled restaurant overlooking mountains,0.2461
"고궁,궁_경복궁_241.jpg",Traditional architecture with mountain backdrop,0.282,Traditional architecture with mountain backdrop,0.282,Temple courtyard with ancient bells,0.2718
"고궁,궁_경희궁_264.jpg",Golden roofed palace under clear sky,0.2604,Golden roofed palace under clear sky,0.2604,Temple courtyard with ancient bells,0.2561
"고궁,궁_경희궁_266.jpg",Traditional architecture with mountain backdrop,0.2398,Bridges over gentle flowing streams,0.2136,Mountain temple shrouded in mist,0.2107
"고궁,궁_용흥궁_1241.jpg",Traditional wooden temple gate entrance,0.3293,Rustic wooden market architecture,0.2792,Ornate gate with intricate carvings,0.279
"고궁,궁_용흥궁_1242.jpg",Traditional wooden temple gate entrance,0.2991,Traditional architecture with mountain backdrop,0.2861,Traditional architecture with mountain backdrop,0.2861
"고궁,궁_용흥궁_1243.jpg",Historic stone fountain centerpiece,0.2579,Stone lanterns lining temple pathway,0.2253,Minimalist modern water feature,0.2223
"고궁,궁_운현궁_267.jpg",Temple courtyard with ancient bells,0.3028,Traditional wooden temple gate entrance,0.2955,Bamboo forest surrounding secluded shrine,0.279
"고궁,궁_운현궁_268.jpg",Traditional wooden temple gate entrance,0.2946,Traditional architecture with mountain backdrop,0.2808,Temple courtyard with ancient bells,0.2761
"고궁,궁_운현궁_269.jpg",Traditional wooden temple gate entrance,0.3082,Temple courtyard with ancient bells,0.2612,Traditional architecture with mountain backdrop,0.2585
"고궁,궁_창덕궁_244.jpg",Traditional wooden temple gate entrance,0.2927,Temple courtyard with ancient bells,0.2823,Golden roofed palace under clear sky,0.2723
"고궁,궁_창덕궁_246.jpg",Golden roofed palace under clear sky,0.2562,Golden roofed palace under clear sky,0.2562,Palace reflection in lotus pond,0.2515
"고궁,궁_화성행궁_759.jpg",Traditional wooden temple gate entrance,0.3245,Grand entrance with ornamental pillars,0.3015,Grand entrance with ornamental pillars,0.3015
공원_동탄호수공원_629.jpg,Panoramic skyline from hilltop park,0.2534,city skyline along riverfront,0.2514,Serene pond with lily pads,0.2414
공원_동탄호수공원_630.jpg,Historic wooden roller coaster structure,0.237,Fountain with colorful mosaic tiles,0.2354,Minimalist modern water feature,0.2352
공원_동탄호수공원_631.jpg,city skyline along riverfront,0.2668,Panoramic skyline from hilltop park,0.2483,Modern marina with luxury yachts,0.2436
공원_동호수어린이공원_133.jpg,Seasonal flower beds in bloom,0.2592,Open prairie trail under vast sky,0.2393,Riverbank walking route,0.2342
공원_동호수어린이공원_134.jpg,Lotus pond reflecting temple facade,0.3145,Japanese Zen garden with koi pond,0.3047,Palace reflection in lotus pond,0.2731
공원_동호수어린이공원_135.jpg,Glass-walled restaurant overlooking mountains,0.2947,Lotus pond reflecting temple facade,0.2842,Palace reflection in lotus pond,0.2696
공원_왕송호수공원_662.jpg,Pathway through a bamboo forest,0.2665,Bamboo grove shaded pathway,0.2643,Lush forest with vibrant green canopy,0.2268
공원_은계호수공원_646.jpg,Bridges over gentle flowing streams,0.2657,Night view with illuminated architecture,0.2627,foggy river with wooden docks,0.2602
공원_인천대공원 수목원길_1092.jpg,Ancient trees with twisted branches,0.267,Snow-covered evergreens in winter forest,0.2389,Misty forest with dense fog,0.2271
공원_인천대공원 수목원길_1093.jpg,Ancient trees with twisted branches,0.2835,Lush forest with vibrant green canopy,0.2328,Japanese Zen garden with koi pond,0.2309
공원_인천대공원 수목원길_1094.jpg,Lush botanical gardens with exotic plants,0.2313,Japanese Zen garden with koi pond,0.2296,Seasonal flower beds in bloom,0.228
국수_국수골목 계양점_1361.jpg,Glass-walled restaurant overlooking mountains,0.2132,Traditional thatched roof dining pavilion,0.2005,Rooftop restaurant with city skyline,0.1923
국수_국수골목 계양점_1362.jpg,Glass-walled restaurant overlooking mountains,0.2012,Colorful canopies over market stalls,0.1936,Open-air restaurant with ocean view,0.1866
국수_국수골목 계양점_1363.jpg,Traditional thatched roof dining pavilion,0.2148,Open-air restaurant with ocean view,0.1963,Rooftop restaurant with city skyline,0.1954
국수_국수골목 연수점_1379.jpg,Open-air restaurant with ocean view,0.2047,Vine-covered courtyard dining area,0.2008,Modern minimalist restaurant architecture,0.1904
국수_국수골목 연수점_1380.jpg,Colorful awnings and hanging lanterns,0.256,Glass-fronted shop in urban setting,0.2533,Traditional European-style storefront,0.2517
국수_국수골목 연수점_1381.jpg,Open-air restaurant with ocean view,0.2221,Seaside terrace dining at sunset,0.2042,Rooftop restaurant with city skyline,0.1997
냉면_개롱골목냉면_393.jpg,Glass-walled restaurant overlooking mountains,0.2124,Traditional thatched roof dining pavilion,0.197,Modern minimalist restaurant architecture,0.1969
냉면_골목냉면 혜화점_405.jpg,Open-air restaurant with ocean view,0.2228,Glass-walled restaurant overlooking mountains,0.2198,Rooftop restaurant with city skyline,0.2112
냉면_골목냉면 혜화점_406.jpg,Vibrant market under hanging lanterns,0.2033,Early morning market street ambiance,0.2012,Colorful canopies over market stalls,0.1978
냉면_골목냉면 혜화점_407.jpg,Open-air restaurant with ocean view,0.2152,Glass-walled restaurant overlooking mountains,0.1899,Traditional thatched roof dining pavilion,0.1877
냉면_골목냉면_380.jpg,Busy intersection with iconic skyscrapers,0.2217,Twisting street through medieval village,0.2191,Golden roofed palace under clear sky,0.2123
냉면_깡통골목 원조비빔당면_1821.jpg,Vibrant market under hanging lanterns,0.2184,Gallery surrounded by lush landscapes,0.2164,Vast exhibition hall with paintings,0.2154
냉면_깡통골목 원조비빔당면_1822.jpg,Artisan crafts and woven baskets display,0.2435,Vibrant market under hanging lanterns,0.2411,Glass-fronted shop in urban setting,0.2318
냉면_수택골목냉면_906.jpg,Traditional thatched roof dining pavilion,0.2252,Rooftop restaurant with city skyline,0.2111,Colorful canopies over market stalls,0.206
냉면_수택골목냉면_907.jpg,Traditional European-style storefront,0.23,Modern minimalist restaurant architecture,0.2266,Open-air restaurant with ocean view,0.2256
도보여행_서서울호수공원 산책길_142.jpg,Blossoming cherry trees in spring,0.271,Seasonal flower beds in bloom,0.258,Lush forest with vibrant green canopy,0.2554
도보여행_서서울호수공원 산책길_143.jpg,Palace reflection in lotus pond,0.2308,Safari-themed landscape views,0.226,river delta with winding channels,0.2213
도시근린공원_광교호수공원_626.jpg,Tranquil Japanese garden design,0.2464,Seaside tower with panoramic vistas,0.2358,Bridges over gentle flowing streams,0.2327
도시근린공원_광교호수공원_627.jpg,Reflection of city skyline in water,0.288,Palace reflection in lotus pond,0.2763,Panoramic skyline from hilltop park,0.2709
도시근린공원_광교호수공원_628.jpg,Palace reflection in lotus pond,0.2395,Seaside tower with panoramic vistas,0.237,Reflection in surrounding water bodies,0.2327
도시근린공원_금광호수공원_652.jpg,Forested hills from wooden lookout,0.2427,Seaside tower with panoramic vistas,0.2412,Panoramic view from observation deck,0.2381
도시근린공원_기흥호수공원_647.jpg,Wide-angle view of stadium roof,0.2401,Panoramic view from stadium seats,0.2281,Skybridge connecting department stores,0.2164
도시근린공원_기흥호수공원_648.jpg,Historic gazebo amidst lush greenery,0.2648,Modern sculpture in open meadow,0.2591,Seasonal flower beds in bloom,0.2531
도시근린공원_기흥호수공원_649.jpg,Reflection in surrounding water bodies,0.243,river delta with winding channels,0.2399,ancient stone bridge over river,0.2383
도시근린공원_반월호수공원_656.jpg,Golden roofed palace under clear sky,0.2141,Treehouse observation decks,0.2133,Reflective glass and steel structure,0.2123
도시근린공원_반월호수공원_657.jpg,Iconic entrance gate with flags,0.2297,Golden roofed palace under clear sky,0.2164,Twinkling lights on amusement rides,0.2108
도시근린공원_반월호수공원_658.jpg,Japanese Zen garden with koi pond,0.2839,Bamboo forest surrounding secluded shrine,0.2756,Traditional wooden temple gate entrance,0.2716
도시근린공원_상동호수공원_632.jpg,Vibrant roller coaster tracks in motion,0.2493,Riverbank walking route,0.2417,Desert canyon pathway,0.2321
도시근린공원_상동호수공원_633.jpg,Seasonal flower beds in bloom,0.263,Fountain surrounded by seasonal flowers,0.254,Historic gazebo amidst lush greenery,0.2501
도시근린공원_상동호수공원_634.jpg,Modern sculpture in open meadow,0.2535,Giant water slide under blue sky,0.2423,Historic wooden roller coaster structure,0.237
도시근린공원_서서울호수공원_127.jpg,Serene pond with lily pads,0.2558,foggy river with wooden docks,0.2367,Historic gazebo amidst lush greenery,0.2361
도시근린공원_안산호수공원_638.jpg,Blossoming cherry trees in spring,0.3137,Majestic hall framed by cherry blossoms,0.3126,Seasonal flower beds in bloom,0.2615
도시근린공원_안산호수공원_639.jpg,Classic red velvet stage curtains,0.2461,Intricate floral floats in parade,0.1946,Grand entrance arch with festival banners,0.1941
도시근린공원_안산호수공원_640.jpg,Grand entrance arch with festival banners,0.2552,Traditional drumming stage backdrop,0.2463,Classic red velvet stage curtains,0.2438
도시근린공원_오남호수공원_653.jpg,Modern marina with luxury yachts,0.2513,Scenic riverbank with floating lanterns,0.2438,Harbor entrance with rocky breakwater,0.2386
도시근린공원_오남호수공원_655.jpg,Mountain-top observatory with panoramic view,0.2596,Forested hills from wooden lookout,0.2538,Cliffside coastal trail,0.2355
도시근린공원_옥정호수공원_660.jpg,Twinkling lights on amusement rides,0.2169,Grand entrance arch with festival banners,0.2141,Sky-high drop tower against clouds,0.2091
도시근린공원_옥정호수공원_661.jpg,Grand entrance arch with festival banners,0.1975,Sky filled with vibrant fireworks,0.1843,Decorative street flags fluttering,0.1739
도시근린공원_운정호수공원_635.jpg,Historic gazebo amidst lush greenery,0.2619,Bridges over gentle flowing streams,0.2589,Palace reflection in lotus pond,0.2443
도시근린공원_운정호수공원_637.jpg,Bridges over gentle flowing streams,0.2806,city skyline along riverfront,0.2466,river delta with winding channels,0.2417
도시근린공원_장자호수공원_641.jpg,Busy intersection with iconic skyscrapers,0.2323,Blossoming cherry trees in spring,0.2316,Historic street with stone facades,0.2294
도시근린공원_장자호수공원_642.jpg,Busy intersection with iconic skyscrapers,0.2882,Curved road with mountain backdrop,0.2328,Bridges over gentle flowing streams,0.2243
도시근린공원_장자호수공원_643.jpg,Busy intersection with iconic skyscrapers,0.2772,Panoramic skyline from hilltop park,0.2467,Curved road with mountain backdrop,0.2451
도시근린공원_청라호수공원_1107.jpg,Tranquil Japanese garden design,0.2626,Tropical greenhouse with exotic plants,0.2541,Victorian glasshouse with rare orchids,0.2518
도시근린공원_청라호수공원_1108.jpg,Colorful sailboats in calm waters,0.2442,Reflection of city skyline in water,0.2431,Modern marina with luxury yachts,0.2347
도시근린공원_청라호수공원_1109.jpg,Tranquil Japanese garden design,0.2572,Bamboo grove shaded pathway,0.2523,Twilight illumination and city lights,0.2471
도시근린공원_해오름호수공원_1110.jpg,sunset reflection on calm river,0.2616,Riverbank walking route,0.2478,city skyline along riverfront,0.2432
도시근린공원_해오름호수공원_1111.jpg,sunset reflection on calm river,0.2551,Serene pond with lily pads,0.2529,city skyline along riverfront,0.2441
도시근린공원_해오름호수공원_1112.jpg,Bridges over gentle flowing streams,0.268,Serene pond with lily pads,0.2548,Japanese Zen garden with koi pond,0.2511
등산정보_관악산 호수공원분기점_144.jpg,Interactive educational displays,0.2026,Aquatic exhibits with underwater tunnels,0.1904,Riverbank walking route,0.1898
등산정보_관악산 호수공원분기점_145.jpg,Riverbank walking route,0.2522,Cliffside coastal trail,0.2279,Interactive educational displays,0.225
등산정보_관악산 호수공원분기점_146.jpg,Ancient stone-paved route,0.2358,Riverbank walking route,0.229,Meandering forest path,0.2229
디저트카페_동양염전베이커리카페_1080.jpg,Palace reflection in lotus pond,0.2288,Reflection of city skyline in water,0.2233,Industrial cranes at busy shipyard,0.218
디저트카페_동양염전베이커리카페_1081.jpg,Sunlit window display with pastries,0.209,Outdoor seating with quaint tables,0.2019,Traditional architecture with mountain backdrop,0.1996
디저트카페_동양염전베이커리카페_1082.jpg,Vine-covered courtyard dining area,0.2938,Alfresco seating under string lights,0.266,Seasonal flower beds in bloom,0.2595
디저트카페_마롱브런치&베이커리카페_495.jpg,Retro drive-in theater setting,0.279,Open-air restaurant with ocean view,0.2616,Rooftop movie screen under stars,0.2544
디저트카페_마롱브런치&베이커리카페_496.jpg,Historical building with ornate facade,0.2376,Glass-walled restaurant overlooking mountains,0.2343,Modern minimalist restaurant architecture,0.2335
디저트카페_바다와풍경_490.jpg,Grand entrance arch with festival banners,0.2142,Golden roofed palace under clear sky,0.208,Palace reflection in lotus pond,0.2017
디저트카페_바다와풍경_491.jpg,Colorful sailboats in calm waters,0.3236,Fishing boats anchored at dusk,0.2582,Harbor entrance with rocky breakwater,0.2511
디저트카페_보스커피&브런치_12.jpg,Pub garden surrounded by lush greenery,0.2173,Glass-walled restaurant overlooking mountains,0.2095,Open-air restaurant with ocean view,0.2085
디저트카페_브런치카페 이엘_1507.jpg,Sunlit alley with colorful hanging lanterns,0.2282,Pub garden surrounded by lush greenery,0.2242,Riverside pub with scenic water views,0.2222
디저트카페_브룩스_1543.jpg,Minimalist modern water feature,0.2583,Minimalist gallery with geometric design,0.2284,Reflection pool with bronze spouts,0.2237
디저트카페_빠르끄 풍동본점_575.jpg,Early morning market street ambiance,0.1973,Vibrant market under hanging lanterns,0.1925,Open-air restaurant with ocean view,0.1919
디저트카페_빠르끄 풍동본점_576.jpg,Open-air restaurant with ocean view,0.2211,Early morning market street ambiance,0.2002,Glass-walled restaurant overlooking mountains,0.1946
디저트카페_빠르끄 풍동본점_577.jpg,Open-air restaurant with ocean view,0.1955,Outdoor seating with quaint tables,0.1923,Traditional European-style storefront,0.1922
디저트카페_스타골목커피_1397.jpg,Grand entrance arch with festival banners,0.221,Sky-high drop tower against clouds,0.2046,Twinkling lights on amusement rides,0.1935
디저트카페_스타골목커피_1398.jpg,Grand entrance arch with festival banners,0.2717,Sky-high drop tower against clouds,0.223,Golden roofed palace under clear sky,0.206
디저트카페_스타골목커피_1399.jpg,Lush forest with vibrant green canopy,0.253,Tropical greenhouse with exotic plants,0.2362,Alpine rock garden with waterfall,0.231
디저트카페_어로프슬라이스피스_551.jpg,Sunlit window display with pastries,0.2138,Wooden shutters and flower boxes,0.2033,Outdoor seating with quaint tables,0.1944
디저트카페_어로프슬라이스피스_552.jpg,Weathered market signs and banners,0.2556,Rustic wooden market architecture,0.2377,Colorful awnings and hanging lanterns,0.2308
디저트카페_어로프슬라이스피스_553.jpg,Outdoor seating with quaint tables,0.2246,Charming exterior with vintage signage,0.219,Open-air restaurant with ocean view,0.2176
디저트카페_에테르_1476.jpg,Open-air restaurant with ocean view,0.2747,Seaside tower with panoramic vistas,0.2591,Glass-walled restaurant overlooking mountains,0.2574
디저트카페_우즈베이커리_1559.jpg,Open-air restaurant with ocean view,0.2373,Outdoor seating with quaint tables,0.216,Glass-walled restaurant overlooking mountains,0.2079
디저트카페_우즈베이커리카페 수성호수점_1930.jpg,Sunlit window display with pastries,0.2608,Seasonal window display decorations,0.231,Glass-fronted shop in urban setting,0.2183
디저트카페_우즈베이커리카페 수성호수점_1931.jpg,Gallery with expansive skylights,0.2648,Glass atrium with skylight ceiling,0.2605,Interior courtyard with natural light,0.2592
디저트카페_이진상회_545.jpg,Glass-walled restaurant overlooking mountains,0.2944,Open-air restaurant with ocean view,0.2931,Traditional architecture with mountain backdrop,0.2531
디저트카페_이진상회_546.jpg,Traditional wooden temple gate entrance,0.2585,Grand entrance with ornamental pillars,0.2525,Lotus pond reflecting temple facade,0.2434
디저트카페_이진상회_547.jpg,Traditional thatched roof dining pavilion,0.2851,Glass-walled restaurant overlooking mountains,0.2664,Courtyard view with stone pathways,0.2584
디저트카페_인스퍼레이션디 동촌유원지점_1950.jpg,Charming exterior with vintage signage,0.2557,Modern minimalist restaurant architecture,0.2555,Glass-fronted shop in urban setting,0.2522
디저트카페_인스퍼레이션디 동촌유원지점_1951.jpg,Open-air restaurant with ocean view,0.2833,Rooftop restaurant with city skyline,0.2699,Seaside terrace dining at sunset,0.2694
디저트카페_초이스엠_1944.jpg,Glass-fronted shop in urban setting,0.2642,Modern minimalist restaurant architecture,0.2531,Open-air restaurant with ocean view,0.2418
디저트카페_초이스엠_1945.jpg,Sunlit window display with pastries,0.2591,Seasonal window display decorations,0.2279,Artisan crafts and woven baskets display,0.2188
디저트카페_초이스엠_1946.jpg,Stadium against mountain backdrop,0.2701,Retro drive-in theater setting,0.2447,Stadium entrance framed by trees,0.2442
디저트카페_카페 레드브리끄_478.jpg,Nighttime exterior with neon lights,0.2676,Modern multiplex exterior at dusk,0.2615,Retro drive-in theater setting,0.2561
디저트카페_토지베이커리브런치카페_499.jpg,Alfresco seating under string lights,0.2064,Modern minimalist restaurant architecture,0.2043,Open-air restaurant with ocean view,0.2034
디저트카페_토지베이커리브런치카페_500.jpg,Open-air restaurant with ocean view,0.2181,Glass-walled restaurant overlooking mountains,0.2118,Modern minimalist restaurant architecture,0.2082
디저트카페_포레스트아웃팅스 송도점_1062.jpg,Seasonal window display decorations,0.2782,Glass atrium with skylight ceiling,0.2781,Tropical greenhouse with exotic plants,0.2551
디저트카페_포레스트아웃팅스 송도점_1063.jpg,Grand entrance arch with festival banners,0.2252,Misty forest with dense fog,0.2209,Intricate floral floats in parade,0.218
디저트카페_프릳츠 도화점_52.jpg,Open-air restaurant with ocean view,0.2825,Rooftop restaurant with city skyline,0.2784,Glass-walled restaurant overlooking mountains,0.2629
디저트카페_프릳츠 도화점_53.jpg,Charming exterior with vintage signage,0.2432,Open-air restaurant with ocean view,0.2213,Traditional European-style storefront,0.22
디저트카페_프릳츠 도화점_54.jpg,Interactive educational displays,0.2046,Artistic animal habitat structures,0.1966,Open-air restaurant with ocean view,0.1881
떡볶이_골목떡볶이_367.jpg,Market square with cobblestone paths,0.2423,Narrow lane with colorful murals,0.241,Twisting street through medieval village,0.2368
"릉,묘,총_김포장릉_790.jpg",Pathway through a bamboo forest,0.2937,Meandering forest path,0.2856,Bridge crossing scenic trail,0.2841
"릉,묘,총_동구릉_770.jpg",Historic stone fountain centerpiece,0.2526,Traditional wooden temple gate entrance,0.2463,Tiered fountain with floral motifs,0.2449
"릉,묘,총_동구릉_771.jpg",Bamboo forest surrounding secluded shrine,0.2569,Traditional architecture with mountain backdrop,0.2454,Traditional wooden temple gate entrance,0.2443
"릉,묘,총_동구릉_772.jpg",Golden Buddha statue in lush garden,0.2535,Stone lanterns lining temple pathway,0.2524,Traditional wooden temple gate entrance,0.2458
"릉,묘,총_서오릉_773.jpg",Traditional wooden temple gate entrance,0.3044,Open-air amphitheater under moonlight,0.2811,Temple courtyard with ancient bells,0.2705
"릉,묘,총_서오릉_774.jpg",Traditional wooden temple gate entrance,0.3062,Bamboo forest surrounding secluded shrine,0.276,Grand entrance with ornamental pillars,0.27
"릉,묘,총_서오릉_775.jpg",Pathway through a bamboo forest,0.2909,Meandering forest path,0.2866,Bridge crossing scenic trail,0.2714
"릉,묘,총_서울선릉과정릉_259.jpg",Aerial view of stadium landscape,0.2467,Golden roofed palace under clear sky,0.2467,Stadium against mountain backdrop,0.2415
"릉,묘,총_서울선릉과정릉_260.jpg",Architectural details of gallery entrance,0.2428,Outdoor sculpture garden with pathways,0.242,Art gallery with contemporary facade,0.2381
"릉,묘,총_서울선릉과정릉_261.jpg",Tranquil Japanese garden design,0.2525,Sculpted topiary garden maze,0.2444,Bamboo grove shaded pathway,0.2347
"릉,묘,총_연산동고분군_1710.jpg",Panoramic skyline from hilltop park,0.2326,Tranquil Japanese garden design,0.2303,Golden roofed palace under clear sky,0.2245
"릉,묘,총_연산동고분군_1711.jpg",Dome ceiling with intricate mosaics,0.2325,Architectural details of facade frieze,0.2196,Architectural details of gallery entrance,0.219
"릉,묘,총_연산동고분군_1712.jpg",Bamboo forest surrounding secluded shrine,0.247,Gabled rooftops against autumn foliage,0.2457,Traditional architecture with mountain backdrop,0.2283
"릉,묘,총_영녕릉 세종대왕유적지구 세종대왕릉_786.jpg",Classic red velvet stage curtains,0.2272,Modern minimalist stage design,0.2119,Lush forest with vibrant green canopy,0.201
"릉,묘,총_화성융릉과건릉_776.jpg",Meandering forest path,0.2633,Sculpted topiary garden maze,0.2469,Lush jungle pathway,0.2462
"릉,묘,총_화성융릉과건릉_777.jpg",Vast exhibition hall with paintings,0.2576,Wide-angle view of museum courtyard,0.2499,Gallery surrounded by lush landscapes,0.2364
"릉,묘,총_화성융릉과건릉_778.jpg",Reflection pool mirroring museum facade,0.2355,Architectural details of gallery entrance,0.209,Vast exhibition hall with paintings,0.2084
문_광화문_247.jpg,Skybridge connecting department stores,0.2141,Golden roofed palace under clear sky,0.2061,Busy intersection with iconic skyscrapers,0.2045
문_광화문_248.jpg,Quiet market corners with old signage,0.1913,Early morning market street ambiance,0.1884,Market square with cobblestone paths,0.1829
문_광화문_249.jpg,Synchronized fountains in city square,0.2497,Seaside tower with panoramic vistas,0.2461,Minimalist modern water feature,0.2434
문_금정산성 남문_1696.jpg,Traditional wooden temple gate entrance,0.324,Stone lanterns lining temple pathway,0.2761,Ornate gate with intricate carvings,0.2706
문_독립문_270.jpg,Ornate gate with intricate carvings,0.2586,Golden roofed palace under clear sky,0.2544,Grand entrance with ornamental pillars,0.2531
문_독립문_271.jpg,Classic red velvet stage curtains,0.244,Modern minimalist stage design,0.2415,Vast exhibition hall with paintings,0.2311
문_독립문_272.jpg,Elaborate palace gates with wrought iron,0.2613,Grand facade with ornamental detailing,0.2543,Rustic wooden market architecture,0.2503
문_수원화성 장안문_782.jpg,Traditional architecture with mountain backdrop,0.2471,Courtyard view with stone pathways,0.2399,Meandering forest path,0.2373
문_수원화성 장안문_783.jpg,Traditional architecture with mountain backdrop,0.2735,Traditional architecture with mountain backdrop,0.2735,Elaborate palace gates with wrought iron,0.2681
문_수원화성 장안문_784.jpg,Grand entrance arch with festival banners,0.2287,Vibrant roller coaster tracks in motion,0.2196,Panoramic view from observation deck,0.2139
문_수원화성 팔달문_794.jpg,Traditional architecture with mountain backdrop,0.2327,Historic street with stone facades,0.2298,Outdoor market by historic city walls,0.2286
문_수원화성 팔달문_795.jpg,Grand entrance arch with festival banners,0.2742,Traditional wooden temple gate entrance,0.2628,Traditional architecture with mountain backdrop,0.2577
문_수원화성 팔달문_796.jpg,Night view with illuminated architecture,0.2668,Golden roofed palace under clear sky,0.2528,Outdoor market by historic city walls,0.2501
문_숭례문_253.jpg,Palace reflection in lotus pond,0.2643,Palace reflection in lotus pond,0.2643,Majestic throne room with vaulted ceilings,0.2572
문_숭례문_254.jpg,Illuminated fountain at twilight,0.25,Synchronized fountains in city square,0.2491,Modern sculpture in open meadow,0.2367
문_숭례문_255.jpg,Tranquil Japanese garden design,0.2713,Courtyard view with stone pathways,0.2617,Japanese Zen garden with koi pond,0.2608
문_홍예문_1262.jpg,Twisting alley with ivy-covered archways,0.2306,Narrow cobblestone alley with stone walls,0.2258,Ancient stone-paved route,0.2226
문_홍예문_1264.jpg,Twisting alley with ivy-covered archways,0.2924,Narrow cobblestone alley with stone walls,0.2641,Alpine rock garden with waterfall,0.2524
문_흥인지문_257.jpg,Ornate baroque fountain in plaza,0.2886,Synchronized fountains in city square,0.2683,Tiered fountain with floral motifs,0.2538
문_흥인지문_258.jpg,Traditional architecture with mountain backdrop,0.2272,Rustic wooden market architecture,0.2054,Golden roofed palace under clear sky,0.2047
문화유적_고려궁지_1230.jpg,Traditional wooden temple gate entrance,0.3041,Stone lanterns lining temple pathway,0.2825,Grand entrance with ornamental pillars,0.2814
문화유적_고려궁지_1231.jpg,Temple courtyard with ancient bells,0.3032,Bamboo forest surrounding secluded shrine,0.2759,Traditional wooden temple gate entrance,0.2689
문화유적_고려궁지_1232.jpg,Traditional wooden temple gate entrance,0.3158,Ornate gate with intricate carvings,0.288,Temple courtyard with ancient bells,0.2808
문화유적_서울암사동유적_273.jpg,Sunlit window display with pastries,0.2561,Artisan crafts and woven baskets display,0.2416,Glass-fronted shop in urban setting,0.2329
문화유적_서울암사동유적_274.jpg,Modern minimalist stage design,0.1792,Classic red velvet stage curtains,0.1789,Vast exhibition hall with paintings,0.1788
문화유적_서울암사동유적_275.jpg,Bamboo grove shaded pathway,0.2316,Pathway through a bamboo forest,0.2205,Lush forest with vibrant green canopy,0.2101
문화유적_석파정_263.jpg,Modern minimalist restaurant architecture,0.2393,Temple courtyard with ancient bells,0.2294,Wide-angle view of museum courtyard,0.2272
문화유적_연미정_1226.jpg,Courtyard view with stone pathways,0.2588,Alpine rock garden with waterfall,0.2508,Traditional architecture with mountain backdrop,0.2421
문화유적_외양포진지_1701.jpg,Aquatic exhibits with underwater tunnels,0.2355,Interactive educational displays,0.2318,Naturalistic rock formations and waterfalls,0.2285
문화유적_외양포진지_1702.jpg,Outdoor seating with quaint tables,0.2451,Charming exterior with vintage signage,0.2444,Iconic entrance gate with flags,0.2402
문화유적_외양포진지_1703.jpg,Interactive educational displays,0.238,Reflection pool mirroring museum facade,0.2301,Aquatic exhibits with underwater tunnels,0.2291
문화유적_원인재_1247.jpg,Traditional wooden temple gate entrance,0.2894,Traditional architecture with mountain backdrop,0.2813,Temple courtyard with ancient bells,0.2787
문화유적_원인재_1248.jpg,Vibrant market under hanging lanterns,0.2263,Open-air restaurant with ocean view,0.2256,Vine-covered courtyard dining area,0.2236
문화유적_원인재_1249.jpg,Traditional architecture with mountain backdrop,0.2802,Traditional architecture with mountain backdrop,0.2802,Traditional wooden temple gate entrance,0.2708
문화유적_장수동 은행나무_1236.jpg,Autumn leaves carpeted walking trail,0.2373,Blossoming cherry trees in spring,0.2214,Seasonal flower beds in bloom,0.2152
문화유적_장수동 은행나무_1238.jpg,Bridges over gentle flowing streams,0.238,Historic gazebo amidst lush greenery,0.2323,Blossoming cherry trees in spring,0.2173
문화유적_정약용유적지_791.jpg,Sky-high drop tower against clouds,0.2291,Panoramic view from observation deck,0.2258,Iconic entrance gate with flags,0.224
문화유적_정약용유적지_792.jpg,Traditional wooden temple gate entrance,0.2362,Bamboo forest surrounding secluded shrine,0.2358,Traditional drumming stage backdrop,0.2149
문화유적_정약용유적지_793.jpg,Stadium against mountain backdrop,0.2426,Stadium entrance framed by trees,0.2391,Historic gazebo amidst lush greenery,0.2386
문화유적_충렬사_1680.jpg,Traditional wooden temple gate entrance,0.2837,Temple courtyard with ancient bells,0.2759,Traditional architecture with mountain backdrop,0.2735
문화유적_충렬사_1681.jpg,Traditional wooden temple gate entrance,0.2831,Grand entrance with ornamental pillars,0.2785,Historical building with ornate facade,0.2651
문화유적_충렬사_1682.jpg,Bamboo forest surrounding secluded shrine,0.2731,Traditional architecture with mountain backdrop,0.2719,Traditional wooden temple gate entrance,0.2659
문화유적_해월정_1700.jpg,Riverside gallery with reflection views,0.2049,Treehouse observation decks,0.2006,Rain-soaked street reflecting neon lights,0.1975
미술관_가나아트파크_696.jpg,Interactive educational displays,0.2435,Safari-themed landscape views,0.2265,Artistic animal habitat structures,0.2242
미술관_가나아트파크_697.jpg,Vast exhibition hall with paintings,0.2161,Gallery surrounded by lush landscapes,0.2121,Dome ceiling with intricate mosaics,0.1941
미술관_가나아트파크_698.jpg,Traditional European-style storefront,0.2431,Open-air restaurant with ocean view,0.2386,Glass-fronted shop in urban setting,0.2216
미술관_간송미술관_190.jpg,Historic stone fountain centerpiece,0.2864,Golden Buddha statue in lush garden,0.2802,Japanese Zen garden with koi pond,0.2681
미술관_간송미술관_191.jpg,Historic stone fountain centerpiece,0.3071,Tiered fountain with floral motifs,0.289,Stone lanterns lining temple pathway,0.2726
미술관_간송미술관_192.jpg,Historic stone fountain centerpiece,0.3069,Tiered fountain with floral motifs,0.2796,Stone lanterns lining temple pathway,0.2699
미술관_경기도미술관_683.jpg,Colorful sailboats in calm waters,0.2038,Minimalist gallery with geometric design,0.2035,Gallery surrounded by lush landscapes,0.1946
미술관_경기도미술관_684.jpg,Decorative street flags fluttering,0.2253,Grand entrance arch with festival banners,0.2216,Reflection pool mirroring museum facade,0.2182
미술관_경기도미술관_685.jpg,Modern minimalist stage design,0.2187,Gallery surrounded by lush landscapes,0.2162,Art gallery with contemporary facade,0.2087
미술관_경원미술관_1158.jpg,Glass-walled restaurant overlooking mountains,0.2184,Open-air restaurant with ocean view,0.2106,Rooftop restaurant with city skyline,0.2024
미술관_경원미술관_1159.jpg,Traditional wooden temple gate entrance,0.2787,Traditional thatched roof dining pavilion,0.2649,Lotus pond reflecting temple facade,0.2611
미술관_경원미술관_1160.jpg,Skybridge connecting department stores,0.2461,Glass-fronted shop in urban setting,0.2434,Traditional European-style storefront,0.2297
미술관_고은사진미술관_1608.jpg,Vast exhibition hall with paintings,0.2514,Art gallery with contemporary facade,0.2363,Gallery surrounded by lush landscapes,0.2339
미술관_고은사진미술관_1609.jpg,Narrow lane with colorful murals,0.2202,Seasonal window display decorations,0.2116,Busy intersection with iconic skyscrapers,0.2111
미술관_고은사진미술관_1610.jpg,Vast exhibition hall with paintings,0.2377,Riverside gallery with reflection views,0.2319,Art gallery with contemporary facade,0.2297
미술관_구하우스미술관_689.jpg,Interactive educational displays,0.2094,Artistic animal habitat structures,0.1923,Gallery surrounded by lush landscapes,0.1835
미술관_국립현대미술관 과천_673.jpg,Reflection pool mirroring museum facade,0.2644,Wide-angle view of museum courtyard,0.2575,Art Deco theater facade,0.2545
미술관_국립현대미술관 서울_156.jpg,Wide-angle view of museum courtyard,0.3019,Courtyard view with stone pathways,0.2837,Modernist exterior with geometric lines,0.275
미술관_국제갤러리 부산지점_1635.jpg,Grand entrance arch with festival banners,0.2445,Reflection pool mirroring museum facade,0.2158,Traditional drumming stage backdrop,0.1985
미술관_국제갤러리 부산지점_1636.jpg,Vast exhibition hall with paintings,0.288,Gallery surrounded by lush landscapes,0.2804,Gallery with expansive skylights,0.2645
미술관_국제갤러리 부산지점_1637.jpg,Seaside tower with panoramic vistas,0.2671,Reflection in surrounding water bodies,0.2552,Clouds beneath glass-floor vantage point,0.2456
미술관_금련산갤러리_1638.jpg,Grand entrance arch with festival banners,0.2216,Decorative street flags fluttering,0.2104,Meandering forest path,0.1862
미술관_금련산갤러리_1639.jpg,Vast exhibition hall with paintings,0.1813,Art gallery with contemporary facade,0.1764,Outdoor sculpture garden with pathways,0.1741
미술관_금련산갤러리_1640.jpg,Outdoor sculpture garden with pathways,0.2156,Ancient stone-paved route,0.2055,Reflection in surrounding water bodies,0.2049
미술관_금정문화회관 금샘미술관_1620.jpg,Decorative street flags fluttering,0.2154,Grand entrance arch with festival banners,0.2139,Intricate floral floats in parade,0.1934
미술관_금정문화회관 금샘미술관_1621.jpg,Reflection pool mirroring museum facade,0.2166,Vast exhibition hall with paintings,0.2147,Minimalist gallery with geometric design,0.2102
미술관_금정문화회관 금샘미술관_1622.jpg,Decorative street flags fluttering,0.1979,Colorful lanterns illuminating the street,0.1976,Intricate floral floats in parade,0.1929
미술관_김홍도미술관_705.jpg,Sweeping gardens with symmetrical layout,0.2446,Intricate floral floats in parade,0.2381,Decorative street flags fluttering,0.2344
미술관_김홍도미술관_706.jpg,Seaside pub with panoramic ocean backdrop,0.2547,Open-air restaurant with ocean view,0.2478,Charming exterior with vintage signage,0.2436
미술관_대구간송미술관_1995.jpg,Glass-walled restaurant overlooking mountains,0.3017,Lotus pond reflecting temple facade,0.2619,Traditional architecture with mountain backdrop,0.2618
미술관_대구간송미술관_1996.jpg,Classic red velvet stage curtains,0.2226,Modern minimalist stage design,0.2126,Riverbank walking route,0.2101
미술관_대구간송미술관_1997.jpg,Reflective glass and steel structure,0.2549,Wide-angle view of stadium roof,0.2519,Aerial view of stadium landscape,0.2465
미술관_대구미술관_1992.jpg,Art gallery with contemporary facade,0.2599,Glass atrium with skylight ceiling,0.2588,Gallery with expansive skylights,0.2584
미술관_대구미술관_1993.jpg,Gallery surrounded by lush landscapes,0.251,Vast exhibition hall with paintings,0.2443,Gallery with expansive skylights,0.2221
미술관_대구미술관_1994.jpg,Gallery surrounded by lush landscapes,0.2715,Vast exhibition hall with paintings,0.2652,Riverside gallery with reflection views,0.263
미술관_대림미술관_188.jpg,Vast exhibition hall with paintings,0.2837,Gallery surrounded by lush landscapes,0.2496,Art gallery with contemporary facade,0.2484
미술관_대림미술관_189.jpg,Minimalist gallery with geometric design,0.2224,Vast exhibition hall with paintings,0.2223,Gallery surrounded by lush landscapes,0.2106
미술관_더리미미술관_1144.jpg,Glass-walled restaurant overlooking mountains,0.2659,Alfresco seating under string lights,0.24,Open-air restaurant with ocean view,0.2364
미술관_더리미미술관_1145.jpg,Gallery surrounded by lush landscapes,0.2627,Gallery with expansive skylights,0.2431,Minimalist gallery with geometric design,0.2413
미술관_디뮤지엄_181.jpg,Sky filled with vibrant fireworks,0.2176,Decorative street flags fluttering,0.2039,Gallery surrounded by lush landscapes,0.201
미술관_랄프깁슨 사진미술관_1629.jpg,Clouds beneath glass-floor vantage point,0.2348,Riverside gallery with reflection views,0.2196,Skybridge connecting department stores,0.2162
미술관_리움미술관_150.jpg,Reflection pool mirroring museum facade,0.2335,Riverside gallery with reflection views,0.23,Art gallery with contemporary facade,0.2281
미술관_리움미술관_152.jpg,Minimalist gallery with geometric design,0.2519,Gallery with expansive skylights,0.2214,Gallery surrounded by lush landscapes,0.2197
미술관_뮤지엄원_1615.jpg,Vast exhibition hall with paintings,0.2584,Glass atrium with natural light,0.2383,Gallery surrounded by lush landscapes,0.237
미술관_뮤지엄원_1616.jpg,Riverbank walking route,0.2075,Minimalist gallery with geometric design,0.2023,Meandering forest path,0.1924
미술관_미메시스아트뮤지엄_679.jpg,Gallery with expansive skylights,0.2838,Minimalist gallery with geometric design,0.2725,Vast exhibition hall with paintings,0.2701
미술관_부산시립미술관 (휴관중)_1605.jpg,Gallery surrounded by lush landscapes,0.2453,Riverside gallery with reflection views,0.2323,Minimalist gallery with geometric design,0.2177
미술관_부산시립미술관 이우환공간_1623.jpg,Modernist exterior with geometric lines,0.2658,Wide-angle view of museum courtyard,0.2643,Reflection pool mirroring museum facade,0.26
미술관_부산시립미술관 이우환공간_1624.jpg,Modern sculpture in open meadow,0.3075,Minimalist modern water feature,0.2578,Historic stone fountain centerpiece,0.257
미술관_부산시립미술관 이우환공간_1625.jpg,Icicles forming on frozen waterfall,0.2485,Minimalist modern water feature,0.229,Gallery surrounded by lush landscapes,0.2271
미술관_부산현대미술관_1611.jpg,Weathered market signs and banners,0.181,Rustic wooden market architecture,0.1794,Quiet market corners with old signage,0.1759
미술관_부산현대미술관_1612.jpg,Sculpture garden with lush greenery,0.2334,Stadium exterior with dramatic lighting,0.2302,Architectural details of stadium facade,0.2272
미술관_부평아트센터 꽃누리갤러리_1153.jpg,Art gallery with contemporary facade,0.2252,Minimalist gallery with geometric design,0.2159,Vast exhibition hall with paintings,0.2038
미술관_서면미술관_1617.jpg,Remote observatory in lush forest setting,0.1804,Telescopic silhouette against sunset,0.1727,Art gallery with contemporary facade,0.1698
미술관_서면미술관_1618.jpg,Palace reflection in lotus pond,0.1974,Starlit dome under a clear sky,0.177,Modern glass observatory in cityscape,0.1764
미술관_서울시립 북서울미술관_179.jpg,Modern minimalist stage design,0.2028,Grand entrance arch with festival banners,0.1992,Sunlit outdoor theater ruins,0.1963
미술관_서울시립 북서울미술관_180.jpg,Art gallery with contemporary facade,0.2434,Gallery surrounded by lush landscapes,0.2341,Vast exhibition hall with paintings,0.2325
미술관_서울시립 사진미술관_193.jpg,Reflection pool mirroring museum facade,0.2843,Modernist exterior with geometric lines,0.2834,Wide-angle view of museum courtyard,0.2816
미술관_서울시립 사진미술관_194.jpg,Classic red velvet stage curtains,0.2245,Modern minimalist stage design,0.199,Grand entrance arch with festival banners,0.1852
미술관_서울시립 사진미술관_195.jpg,Vast exhibition hall with paintings,0.2644,Art gallery with contemporary facade,0.2608,Minimalist gallery with geometric design,0.2603
미술관_서울시립미술관 서소문본관_159.jpg,Courtyard view with stone pathways,0.2371,Interior courtyard with natural light,0.2333,Historic courtyard with cobblestone paths,0.2288
미술관_서울시립미술관 서소문본관_160.jpg,Vast exhibition hall with paintings,0.2769,Gallery surrounded by lush landscapes,0.2677,Riverside gallery with reflection views,0.2511
미술관_서울시립미술관 서소문본관_161.jpg,Vast exhibition hall with paintings,0.2769,Gallery surrounded by lush landscapes,0.2677,Riverside gallery with reflection views,0.2511
미술관_서울시립미술관 서소문본관_162.jpg,Classic red velvet stage curtains,0.1962,Modern minimalist stage design,0.186,Decorative street flags fluttering,0.183
미술관_석모도갤러리_1168.jpg,Glass-walled restaurant overlooking mountains,0.1953,Open-air restaurant with ocean view,0.1917,Vibrant market under hanging lanterns,0.189
미술관_석파정 서울미술관_169.jpg,Decorative street flags fluttering,0.2258,Grand entrance arch with festival banners,0.2257,Palace reflection in lotus pond,0.2212
미술관_석파정 서울미술관_170.jpg,Weathered market signs and banners,0.2259,Artisan crafts and woven baskets display,0.2067,Open-air restaurant with ocean view,0.2053
미술관_석파정 서울미술관_171.jpg,Reflection pool mirroring museum facade,0.2351,Minimalist gallery with geometric design,0.2329,Art gallery with contemporary facade,0.2188
미술관_성남큐브미술관_701.jpg,Gallery surrounded by lush landscapes,0.2178,Vast exhibition hall with paintings,0.2123,Minimalist gallery with geometric design,0.201
미술관_송암미술관_1135.jpg,Golden Buddha statue in lush garden,0.2711,Bamboo forest surrounding secluded shrine,0.2284,Vast exhibition hall with paintings,0.2145
미술관_송암미술관_1136.jpg,Historic stone fountain centerpiece,0.2768,Fountain surrounded by lush gardens,0.2684,Tiered fountain with floral motifs,0.2565
미술관_수원시립미술관_674.jpg,Wide-angle view of museum courtyard,0.2506,Giant water slide under blue sky,0.2449,Sky-high drop tower against clouds,0.2434
미술관_수원시립미술관_675.jpg,Palace reflection in lotus pond,0.2642,autumn leaves along riverbank,0.2535,Serene pond with lily pads,0.2447
미술관_수원시립미술관_676.jpg,Tiered fountain with floral motifs,0.2837,Historic stone fountain centerpiece,0.2642,Fountain with colorful mosaic tiles,0.2408
미술관_스페인마을 갤러리_1151.jpg,Modern marina with luxury yachts,0.2189,Historic lighthouse overlooking harbor,0.2166,Courtyard view with stone pathways,0.2148
미술관_아모레퍼시픽미술관_175.jpg,Skybridge connecting department stores,0.2379,Riverside gallery with reflection views,0.2236,Seasonal window display decorations,0.2229
미술관_아트KMJ갤러리_1170.jpg,Forested hills from wooden lookout,0.2277,Seaside tower with panoramic vistas,0.2228,Traditional architecture with mountain backdrop,0.2179
미술관_양주시립장욱진미술관_680.jpg,Bamboo forest surrounding secluded shrine,0.2378,Forested hills from wooden lookout,0.2285,Temple courtyard with ancient bells,0.2254
미술관_양주시립장욱진미술관_681.jpg,Bridge crossing scenic trail,0.2817,Bridges over gentle flowing streams,0.2722,Seaside tower with panoramic vistas,0.2504
미술관_양주시립장욱진미술관_682.jpg,Wide-angle view of museum courtyard,0.2538,Lotus pond reflecting temple facade,0.2463,Reflection pool mirroring museum facade,0.2453
미술관_양평군립미술관_693.jpg,Historic wooden roller coaster structure,0.209,Twinkling lights on amusement rides,0.1877,Modernist exterior with geometric lines,0.1796
미술관_양평군립미술관_694.jpg,Colorful sailboats in calm waters,0.2278,Vast exhibition hall with paintings,0.2268,Gallery surrounded by lush landscapes,0.2238
미술관_양평군립미술관_695.jpg,Gallery surrounded by lush landscapes,0.2742,Vast exhibition hall with paintings,0.2711,Art gallery with contemporary facade,0.2504
미술관_예술의전당 한가람미술관_164.jpg,Vast exhibition hall with paintings,0.2007,Gallery surrounded by lush landscapes,0.1965,Grand entrance with ornamental pillars,0.1957
미술관_예술의전당 한가람미술관_165.jpg,Panoramic view from stadium seats,0.1895,Golden roofed palace under clear sky,0.1839,Minimalist gallery with geometric design,0.1829
미술관_오산시립미술관_708.jpg,Wide-angle view of museum courtyard,0.259,Reflection pool mirroring museum facade,0.2563,Golden roofed palace under clear sky,0.2463
미술관_오산시립미술관_710.jpg,Riverside gallery with reflection views,0.2814,Art gallery with contemporary facade,0.2791,Glass-fronted shop in urban setting,0.2774
미술관_우현문갤러리_1161.jpg,Modern minimalist stage design,0.27,Gallery with expansive skylights,0.2448,Minimalist gallery with geometric design,0.2378
미술관_우현문갤러리_1162.jpg,Gallery surrounded by lush landscapes,0.255,Vast exhibition hall with paintings,0.246,Riverside gallery with reflection views,0.2249
미술관_우현문갤러리_1163.jpg,Gallery surrounded by lush landscapes,0.2524,Vast exhibition hall with paintings,0.2509,Art gallery with contemporary facade,0.2284
미술관_유리섬_686.jpg,Modern minimalist stage design,0.2282,Vast exhibition hall with paintings,0.2262,Art gallery with contemporary facade,0.2261
미술관_유리섬_687.jpg,Grand entrance arch with festival banners,0.2145,Traditional European-style storefront,0.194,Decorative street flags fluttering,0.192
미술관_유리섬_688.jpg,Gallery surrounded by lush landscapes,0.2259,Vast exhibition hall with paintings,0.2178,Art gallery with contemporary facade,0.2127
미술관_전원미술관_1173.jpg,Outdoor seating with quaint tables,0.2274,Twisting street through medieval village,0.2223,Glass-fronted shop in urban setting,0.2155
미술관_전원미술관_1174.jpg,Rustic brick facade with ivy,0.2527,Traditional architecture with mountain backdrop,0.2308,Traditional thatched roof dining pavilion,0.2284
미술관_전원미술관_1175.jpg,Rustic brick facade with ivy,0.2564,Traditional architecture with mountain backdrop,0.251,Historical building with ornate facade,0.2396
미술관_정서진아트큐브_1155.jpg,Traditional drumming stage backdrop,0.2198,Classic red velvet stage curtains,0.2123,Sweeping gardens with symmetrical layout,0.2083
미술관_정서진아트큐브_1156.jpg,Intricate floral floats in parade,0.2418,Decorative street flags fluttering,0.2403,Art gallery with contemporary facade,0.2075
미술관_참살이미술관_1146.jpg,Artisan crafts and woven baskets display,0.2064,Vast exhibition hall with paintings,0.2061,Rustic wooden market architecture,0.1937
미술관_참살이미술관_1147.jpg,Vast exhibition hall with paintings,0.2563,Art gallery with contemporary facade,0.2427,Gallery surrounded by lush landscapes,0.2291
미술관_참살이미술관_1148.jpg,Open-air restaurant with ocean view,0.2319,Quaint village pub under starry night sky,0.2252,Golden roofed palace under clear sky,0.224
미술관_채플갤러리_1137.jpg,Vast exhibition hall with paintings,0.2714,Gallery surrounded by lush landscapes,0.2682,Riverside gallery with reflection views,0.2586
미술관_채플갤러리_1138.jpg,Gallery surrounded by lush landscapes,0.2587,Gallery with expansive skylights,0.2485,Riverside gallery with reflection views,0.2471
미술관_채플갤러리_1139.jpg,Gallery surrounded by lush landscapes,0.2609,Vast exhibition hall with paintings,0.26,Minimalist gallery with geometric design,0.2475
미술관_포레리움_704.jpg,Modernist exterior with geometric lines,0.2552,Wide-angle view of museum courtyard,0.2547,Modern glass observatory in cityscape,0.2463
미술관_한두뼘12갤러리_1176.jpg,Sunlit window display with pastries,0.2119,Open-air restaurant with ocean view,0.1888,Modern minimalist restaurant architecture,0.185
미술관_한새갤러리_1646.jpg,Alley with overhanging laundry lines,0.2703,Historic alley with vintage street lamps,0.2689,Sunlit alley with colorful hanging lanterns,0.2648
미술관_호암미술관_668.jpg,Traditional wooden temple gate entrance,0.3142,Grand entrance with ornamental pillars,0.2938,Ornate gate with intricate carvings,0.2918
미술관_호암미술관_669.jpg,Traditional wooden temple gate entrance,0.2916,Bamboo forest surrounding secluded shrine,0.2762,Temple courtyard with ancient bells,0.2711
미술관_호암미술관_670.jpg,Seasonal flower beds in bloom,0.2267,Riverbank walking route,0.2169,Tropical greenhouse with exotic plants,0.2138
박물관_강화역사박물관_1190.jpg,Vast exhibition hall with paintings,0.2511,Architectural details of gallery entrance,0.2509,Minimalist gallery with geometric design,0.2314
박물관_강화역사박물관_1191.jpg,Wide-angle view of museum courtyard,0.2442,Architectural details of stadium facade,0.2424,Stadium exterior with dramatic lighting,0.2418
박물관_강화자연사박물관_1199.jpg,Vast exhibition hall with paintings,0.2331,Gallery with expansive skylights,0.2274,Gallery surrounded by lush landscapes,0.2214
박물관_강화자연사박물관_1200.jpg,Vast exhibition hall with paintings,0.2649,Art gallery with contemporary facade,0.2504,Sunlit atrium with modern sculptures,0.247
박물관_강화전쟁박물관_1210.jpg,Vast exhibition hall with paintings,0.2393,Riverside gallery with reflection views,0.2313,Gallery surrounded by lush landscapes,0.2197
박물관_강화전쟁박물관_1212.jpg,Grand entrance with ornamental pillars,0.259,Grand entrance with ornamental pillars,0.259,Wide-angle view of museum courtyard,0.2422
박물관_검단선사박물관_1207.jpg,Wide-angle view of museum courtyard,0.2662,Gallery surrounded by lush landscapes,0.2557,Vast exhibition hall with paintings,0.2489
박물관_검단선사박물관_1208.jpg,Grand entrance arch with festival banners,0.2205,Decorative street flags fluttering,0.2187,Sky-high drop tower against clouds,0.1975
박물관_검단선사박물관_1209.jpg,Bamboo forest surrounding secluded shrine,0.2087,Outdoor sculpture garden with pathways,0.1972,Traditional wooden temple gate entrance,0.1965
박물관_경기도어린이박물관_723.jpg,Crenellated towers against a blue sky,0.2,Art gallery with contemporary facade,0.1973,Sweeping gardens with symmetrical layout,0.1965
박물관_경기도어린이박물관_724.jpg,Classic red velvet stage curtains,0.2339,Modern minimalist stage design,0.2072,Vast exhibition hall with paintings,0.2023
박물관_경기도어린이박물관_725.jpg,Grand entrance arch with festival banners,0.2325,Decorative street flags fluttering,0.2234,Intricate floral floats in parade,0.2077
박물관_경기북부어린이박물관_747.jpg,Grand theater entrance facade,0.2559,Stadium exterior with dramatic lighting,0.2484,Classic red velvet theater curtain,0.247
박물관_경기북부어린이박물관_748.jpg,Grand entrance arch with festival banners,0.2181,Decorative street flags fluttering,0.2016,Colorful lanterns illuminating the street,0.1971
박물관_경기북부어린이박물관_749.jpg,Classic red velvet stage curtains,0.2273,Modern minimalist stage design,0.1994,Majestic hall framed by cherry blossoms,0.1955
박물관_계양산성박물관_1213.jpg,Vast exhibition hall with paintings,0.2263,Gallery surrounded by lush landscapes,0.211,Art gallery with contemporary facade,0.1951
박물관_계양산성박물관_1214.jpg,Minimalist gallery with geometric design,0.1814,Decorative street flags fluttering,0.1804,Grand entrance arch with festival banners,0.1785
박물관_고양어린이박물관_730.jpg,Aquatic exhibits with underwater tunnels,0.2728,Interactive educational displays,0.2703,Safari-themed landscape views,0.2603
박물관_고양어린이박물관_731.jpg,Aquatic exhibits with underwater tunnels,0.2734,Vast exhibition hall with paintings,0.2717,Gallery surrounded by lush landscapes,0.2694
박물관_국립고궁박물관_208.jpg,Art gallery with contemporary facade,0.2441,Vast exhibition hall with paintings,0.2326,Wide-angle view of museum courtyard,0.232
박물관_국립고궁박물관_209.jpg,Vast exhibition hall with paintings,0.2645,Gallery surrounded by lush landscapes,0.2404,Art gallery with contemporary facade,0.2283
박물관_국립농업박물관_741.jpg,Golden roofed palace under clear sky,0.2052,Iconic entrance gate with flags,0.203,Decorative street flags fluttering,0.1957
박물관_국립농업박물관_742.jpg,Golden roofed palace under clear sky,0.2492,Seasonal flower beds in bloom,0.2479,Courtyard view with stone pathways,0.2376
박물관_국립농업박물관_743.jpg,Glass-walled restaurant overlooking mountains,0.2356,Modern minimalist restaurant architecture,0.2281,Gilded balcony and box seats,0.2276
박물관_국립민속박물관 본관_206.jpg,"Amusement park at night, neon glow",0.217,Iconic entrance gate with flags,0.2146,Blossoming cherry trees in spring,0.2122
박물관_국립세계문자박물관_1192.jpg,Traditional drumming stage backdrop,0.1917,Decorative street flags fluttering,0.1896,Architectural details of facade frieze,0.177
박물관_국립세계문자박물관_1193.jpg,Synchronized fountains in city square,0.2858,Minimalist modern water feature,0.273,Fountain surrounded by lush gardens,0.2707
박물관_국립세계문자박물관_1194.jpg,Panoramic skyline from hilltop park,0.271,Stadium against mountain backdrop,0.2465,Architectural details of stadium facade,0.2445
박물관_국립인천해양박물관_1186.jpg,Interactive educational displays,0.241,Giant water slide under blue sky,0.2276,Artistic animal habitat structures,0.2234
박물관_국립인천해양박물관_1188.jpg,Classic red velvet stage curtains,0.2172,Modern minimalist stage design,0.1929,Open-air amphitheater under moonlight,0.1809
박물관_국립중앙박물관_199.jpg,Golden Buddha statue in lush garden,0.3051,Lotus pond reflecting temple facade,0.2284,Bamboo forest surrounding secluded shrine,0.2168
박물관_국립중앙박물관_201.jpg,Bamboo forest surrounding secluded shrine,0.2295,Stone lanterns lining temple pathway,0.2141,Courtyard view with stone pathways,0.2127
박물관_국립항공박물관_223.jpg,Modern minimalist stage design,0.2092,Remote observatory in lush forest setting,0.2053,Snowy observatory with northern lights,0.2
박물관_국립항공박물관_224.jpg,Classic red velvet stage curtains,0.2402,Modern minimalist stage design,0.2189,Reflection pool mirroring museum facade,0.2011
박물관_국립해양박물관_1668.jpg,Wide-angle view of stadium roof,0.2922,Stadium exterior with dramatic lighting,0.2863,Architectural details of stadium facade,0.2808
박물관_국립해양박물관_1669.jpg,Aquatic exhibits with underwater tunnels,0.2757,Interactive educational displays,0.2464,Artistic animal habitat structures,0.2463
박물관_국립해양박물관_1670.jpg,Vast exhibition hall with paintings,0.2473,Colorful sailboats in calm waters,0.2409,Fishing boats anchored at dusk,0.2384
박물관_대한민국역사박물관_202.jpg,Skybridge connecting department stores,0.2059,Grand staircase in central atrium,0.2039,Wide-angle view of museum courtyard,0.1909
박물관_대한민국역사박물관_204.jpg,Riverside gallery with reflection views,0.2466,Gallery surrounded by lush landscapes,0.2337,Retro drive-in theater setting,0.2289
박물관_부산영화체험박물관_1662.jpg,Aquatic exhibits with underwater tunnels,0.2142,"Amusement park at night, neon glow",0.2009,Twinkling lights on amusement rides,0.1953
박물관_부산영화체험박물관_1663.jpg,Aquatic exhibits with underwater tunnels,0.2126,"Amusement park at night, neon glow",0.2002,Twinkling lights on amusement rides,0.1918
박물관_부산영화체험박물관_1664.jpg,Classic red velvet theater curtain,0.2531,Grand theater entrance facade,0.2096,Art deco cinema architecture,0.2053
박물관_부산장난감박물관_1656.jpg,Vast exhibition hall with paintings,0.2276,Gallery surrounded by lush landscapes,0.2159,Minimalist gallery with geometric design,0.2148
박물관_부산커피박물관_1672.jpg,Rustic wooden interior with chandeliers,0.2344,Traditional wooden pub with vintage signage,0.2274,Glass-fronted shop in urban setting,0.2228
박물관_부산커피박물관_1673.jpg,Historic stone fountain centerpiece,0.2324,Tiered fountain with floral motifs,0.2214,Cozy pub corner with rustic fireplace,0.2182
박물관_부평역사박물관_1180.jpg,Rooftop restaurant with city skyline,0.2699,Modern minimalist restaurant architecture,0.2682,Open-air restaurant with ocean view,0.2603
박물관_부평역사박물관_1181.jpg,Traditional wooden temple gate entrance,0.2827,Traditional architecture with mountain backdrop,0.2635,Traditional architecture with mountain backdrop,0.2635
박물관_삼성화재 모빌리티뮤지엄_714.jpg,Vast exhibition hall with paintings,0.257,Gallery with expansive skylights,0.2394,Wide-angle view of museum courtyard,0.2362
박물관_서대문자연사박물관_214.jpg,Aquatic exhibits with underwater tunnels,0.2577,Interactive educational displays,0.2479,Artistic animal habitat structures,0.2322
박물관_서대문자연사박물관_216.jpg,Architectural aviary dome,0.2434,Sculpture garden with lush greenery,0.2352,Fountain with colorful mosaic tiles,0.2319
박물관_서소문성지역사박물관_211.jpg,Blossoming cherry trees in spring,0.2962,Majestic hall framed by cherry blossoms,0.2701,Seasonal flower beds in bloom,0.2594
박물관_서소문성지역사박물관_212.jpg,"Amusement park at night, neon glow",0.1729,Twinkling lights on amusement rides,0.1677,Majestic hall framed by cherry blossoms,0.165
박물관_서울공예박물관_235.jpg,Courtyard view with stone pathways,0.2483,Courtyard view with stone pathways,0.2483,Golden roofed palace under clear sky,0.2437
박물관_서울공예박물관_236.jpg,Tiered fountain with floral motifs,0.247,Historic stone fountain centerpiece,0.2403,Minimalist modern water feature,0.2223
박물관_서울공예박물관_237.jpg,Ancient trees with twisted branches,0.2269,Interior courtyard with natural light,0.1797,Palm tree avenue under blue sky,0.1793
박물관_서울생활사박물관_226.jpg,Grand entrance arch with festival banners,0.2157,Majestic hall framed by cherry blossoms,0.2104,Traditional drumming stage backdrop,0.2093
박물관_서울생활사박물관_227.jpg,Grand entrance arch with festival banners,0.2363,Interactive educational displays,0.2135,Gabled rooftops against autumn foliage,0.2083
박물관_서울생활사박물관_228.jpg,Artistic animal habitat structures,0.2424,Naturalistic rock formations and waterfalls,0.2237,Gallery surrounded by lush landscapes,0.2109
박물관_서울역사박물관_197.jpg,Golden roofed palace under clear sky,0.2209,Vast exhibition hall with paintings,0.2202,Gallery surrounded by lush landscapes,0.2047
박물관_서울역사박물관_198.jpg,Classic red velvet stage curtains,0.2099,Sweeping gardens with symmetrical layout,0.1836,Modern minimalist stage design,0.1797
박물관_송파책박물관_239.jpg,Gallery with expansive skylights,0.262,Glass-fronted shop in urban setting,0.2533,Interior courtyard with natural light,0.2518
박물관_송파책박물관_240.jpg,Gallery with expansive skylights,0.2139,Modern minimalist stage design,0.2105,Minimalist gallery with geometric design,0.2043
박물관_수원광교박물관_751.jpg,Minimalist gallery with geometric design,0.2194,Reflection pool mirroring museum facade,0.2099,Art gallery with contemporary facade,0.207
박물관_수원박물관_753.jpg,Reflection pool mirroring museum facade,0.2445,Grand entrance with ornamental pillars,0.2335,Grand entrance with ornamental pillars,0.2335
박물관_수원박물관_754.jpg,Busy intersection with iconic skyscrapers,0.2473,Panoramic skyline from hilltop park,0.2426,Sunset silhouette over urban skyline,0.2416
박물관_수원박물관_755.jpg,Intricate carvings on temple walls,0.237,Traditional wooden temple gate entrance,0.2195,Lotus pond reflecting temple facade,0.216
박물관_수원화성박물관_733.jpg,Classic red velvet stage curtains,0.2191,Modern minimalist stage design,0.1936,Sweeping gardens with symmetrical layout,0.1803
박물관_수원화성박물관_734.jpg,Modern sculpture in open meadow,0.2148,Reflection pool mirroring museum facade,0.2118,Sculpture garden with lush greenery,0.2
박물관_여주곤충박물관_744.jpg,Gallery surrounded by lush landscapes,0.1838,Dome ceiling with intricate mosaics,0.1797,Vast exhibition hall with paintings,0.1781
박물관_영종역사관_1204.jpg,Vast exhibition hall with paintings,0.2733,Gallery surrounded by lush landscapes,0.2693,Art gallery with contemporary facade,0.2543
박물관_영종역사관_1206.jpg,Decorative street flags fluttering,0.2652,Intricate floral floats in parade,0.2054,Traditional drumming stage backdrop,0.1916
박물관_인천광역시립박물관_1177.jpg,Modern minimalist restaurant architecture,0.2072,Sunlit window display with pastries,0.2053,Outdoor seating with quaint tables,0.2039
박물관_인천광역시립박물관_1178.jpg,Vast exhibition hall with paintings,0.2316,Art gallery with contemporary facade,0.2192,Gallery surrounded by lush landscapes,0.2083
박물관_인천광역시립박물관_1179.jpg,Classic red velvet stage curtains,0.23,Modern minimalist stage design,0.1886,Twinkling lights on amusement rides,0.1881
박물관_인천어린이박물관_1216.jpg,Grand entrance with ornamental pillars,0.2553,Stadium entrance framed by trees,0.2432,Grand entrance with ornate facade,0.2428
박물관_인천어린이박물관_1217.jpg,Classic red velvet stage curtains,0.236,Modern minimalist stage design,0.1979,Meandering forest path,0.1869
박물관_인천어린이박물관_1218.jpg,Modern minimalist stage design,0.2287,Iconic entrance gate with flags,0.2281,Classic red velvet stage curtains,0.2265
박물관_전곡선사박물관_738.jpg,Grand entrance arch with festival banners,0.2206,Decorative street flags fluttering,0.1986,Reflection pool mirroring museum facade,0.1865
박물관_전곡선사박물관_739.jpg,Grand entrance arch with festival banners,0.2429,Decorative street flags fluttering,0.2257,Majestic hall framed by cherry blossoms,0.2104
박물관_전곡선사박물관_740.jpg,Modern minimalist stage design,0.1908,Classic red velvet stage curtains,0.1859,Traditional drumming stage backdrop,0.1858
박물관_증권박물관 부산관_1676.jpg,Gallery with expansive skylights,0.2549,Art gallery with contemporary facade,0.2474,Architectural details of gallery entrance,0.2361
박물관_짜장면박물관_1195.jpg,Graffiti-covered urban alleyway murals,0.2549,Alley with overhanging laundry lines,0.2463,Venetian alley with rustic brick buildings,0.2118
박물관_짜장면박물관_1197.jpg,Open-air restaurant with ocean view,0.1909,Traditional thatched roof dining pavilion,0.1802,Traditional European-style storefront,0.1768
박물관_철도박물관_717.jpg,Vast exhibition hall with paintings,0.2236,Riverside gallery with reflection views,0.2126,Gallery surrounded by lush landscapes,0.2035
박물관_철도박물관_718.jpg,Open-air restaurant with ocean view,0.2158,Rooftop restaurant with city skyline,0.1964,Glass-walled restaurant overlooking mountains,0.1924
박물관_철도박물관_719.jpg,Open-air restaurant with ocean view,0.2419,Historical building with ornate facade,0.2384,Modern minimalist restaurant architecture,0.2368
박물관_청계천박물관_232.jpg,Outdoor market by historic city walls,0.2156,Reflection pool mirroring museum facade,0.2155,Market square with cobblestone paths,0.2044
박물관_청계천박물관_234.jpg,Vast exhibition hall with paintings,0.2244,Art gallery with contemporary facade,0.2166,Reflection pool mirroring museum facade,0.2142
박물관_한국근대문학관_1219.jpg,Reflective glass and steel structure,0.2553,Wide-angle view of museum courtyard,0.2519,Reflection pool mirroring museum facade,0.246
박물관_한국근현대사박물관_737.jpg,Riverbank walking route,0.2513,river delta with winding channels,0.2437,Golden roofed palace under clear sky,0.2361
박물관_한국만화박물관_713.jpg,Skybridge connecting department stores,0.2509,Stadium exterior with dramatic lighting,0.2405,Stadium entrance framed by trees,0.2364
박물관_한국은행 화폐박물관_217.jpg,Modern minimalist stage design,0.247,Classic red velvet stage curtains,0.2281,Panoramic view from stadium seats,0.2151
박물관_한국은행 화폐박물관_218.jpg,Grand entrance with ornate facade,0.246,Reflection pool mirroring museum facade,0.2402,Grand entrance with ornamental pillars,0.2385
박물관_한국은행 화폐박물관_219.jpg,Wide-angle view of museum courtyard,0.2159,Outdoor market by historic city walls,0.2127,Reflection pool mirroring museum facade,0.2121
박물관_한국이민사박물관_1202.jpg,Open-air restaurant with ocean view,0.1966,Reflection pool mirroring museum facade,0.1876,Golden roofed palace under clear sky,0.1871
박물관_한국이민사박물관_1203.jpg,Wide-angle view of museum courtyard,0.2722,Grand entrance with ornate facade,0.2593,Grand entrance with ornamental pillars,0.2589
박물관_한성백제박물관_220.jpg,Stadium against mountain backdrop,0.2625,Wide-angle view of stadium roof,0.2575,Architectural details of stadium facade,0.2478
박물관_한성백제박물관_221.jpg,Artisan crafts and woven baskets display,0.2501,Outdoor market by historic city walls,0.2318,Wide-angle view of museum courtyard,0.219
박물관_허준박물관_229.jpg,Sculpture garden with lush greenery,0.2056,Wide-angle view of museum courtyard,0.2036,Reflection pool mirroring museum facade,0.1956
박물관_허준박물관_230.jpg,Traditional wooden temple gate entrance,0.2367,Bamboo forest surrounding secluded shrine,0.2322,Palace reflection in lotus pond,0.2281
박물관_허준박물관_231.jpg,Temple courtyard with ancient bells,0.2555,Artisan crafts and woven baskets display,0.2504,Traditional wooden temple gate entrance,0.2449
봉수대_황령산 봉수대_1677.jpg,Mountain temple shrouded in mist,0.2804,Forested hills from wooden lookout,0.2468,Bamboo forest surrounding secluded shrine,0.2417
봉수대_황령산 봉수대_1678.jpg,Mountain temple shrouded in mist,0.2714,Seaside tower with panoramic vistas,0.2633,Snow-capped mountains from observation deck,0.2582
봉수대_황령산 봉수대_1679.jpg,Panoramic skyline from hilltop park,0.2736,Seaside tower with panoramic vistas,0.2612,Forested hills from wooden lookout,0.2592
뷔페_서울신라호텔 더 파크뷰_34.jpg,Glass-walled restaurant overlooking mountains,0.2241,Modern minimalist restaurant architecture,0.2144,Rooftop restaurant with city skyline,0.1935
뷔페_서울신라호텔 더 파크뷰_35.jpg,Traditional thatched roof dining pavilion,0.2454,Glass-walled restaurant overlooking mountains,0.2441,Open-air restaurant with ocean view,0.2357
뷔페_서울신라호텔 더 파크뷰_36.jpg,Glass-walled restaurant overlooking mountains,0.2047,Early morning market street ambiance,0.2021,Traditional thatched roof dining pavilion,0.2016
브런치빈_브런치빈 삼산점_1034.jpg,Open-air restaurant with ocean view,0.2269,Pub garden surrounded by lush greenery,0.2262,Glass-walled restaurant overlooking mountains,0.2191
브런치빈_브런치빈 송파점_13.jpg,Open-air restaurant with ocean view,0.2294,Glass-walled restaurant overlooking mountains,0.2255,Rooftop restaurant with city skyline,0.2174
"사당,제단_오랑대_1689.jpg",Seaside tower with panoramic vistas,0.2812,Historic lighthouse overlooking vast ocean,0.2767,Modern architecture against stormy skies,0.2505
"사당,제단_종묘_250.jpg",Traditional wooden temple gate entrance,0.2646,Bamboo forest surrounding secluded shrine,0.2567,Temple courtyard with ancient bells,0.2554
"사당,제단_종묘_251.jpg",Twilight illumination and city lights,0.2704,Night view with illuminated architecture,0.247,Panoramic skyline from hilltop park,0.2443
"사당,제단_종묘_252.jpg",Classic red velvet stage curtains,0.2186,Reflection pool mirroring museum facade,0.2156,Grand entrance with ornate facade,0.2152
"사당,제단_참성단_1256.jpg",Sheer sea cliffs with dramatic drop,0.2649,Rocky cliffs against crashing waves,0.2529,Historic lighthouse overlooking vast ocean,0.2498
"사당,제단_참성단_1257.jpg",Intricate floral floats in parade,0.2409,Traditional drumming stage backdrop,0.2388,Grand entrance arch with festival banners,0.2277
"사당,제단_참성단_1258.jpg",Wide-angle view of museum courtyard,0.2397,Courtyard view with stone pathways,0.2197,Seaside tower with panoramic vistas,0.2167
"산성,성곽_금정산성 동문_1686.jpg",Open-air restaurant with ocean view,0.2535,Traditional thatched roof dining pavilion,0.2352,Vine-covered courtyard dining area,0.2261
"산성,성곽_금정산성 동문_1687.jpg",Bamboo forest surrounding secluded shrine,0.2445,Traditional wooden temple gate entrance,0.2335,Golden roofed palace under clear sky,0.2282
"산성,성곽_금정산성 동문_1688.jpg",Treehouse observation decks,0.2413,Expansive open-air enclosures,0.2298,Forested hills from wooden lookout,0.2282
"산성,성곽_남한산성_761.jpg",Riverbank walking route,0.2335,river delta with winding channels,0.2303,Ancient stone-paved route,0.2102
"산성,성곽_남한산성_762.jpg",Meandering forest path,0.2469,Bridge crossing scenic trail,0.2435,Riverbank walking route,0.2398
"산성,성곽_남한산성_763.jpg",Traditional wooden temple gate entrance,0.2957,Bamboo forest surrounding secluded shrine,0.2875,Stone lanterns lining temple pathway,0.2847
"산성,성곽_부산진성_1707.jpg",Traditional wooden temple gate entrance,0.276,Stone lanterns lining temple pathway,0.2733,Grand entrance with ornamental pillars,0.2709
"산성,성곽_부산진성_1708.jpg",Traditional drumming stage backdrop,0.2206,Sunlit outdoor theater ruins,0.2102,Decorative street flags fluttering,0.2089
"산성,성곽_부산진성_1709.jpg",Seaside tower with panoramic vistas,0.2444,Glass-walled restaurant overlooking mountains,0.2432,Open-air restaurant with ocean view,0.2382
"산성,성곽_분오리돈대_1244.jpg",Traditional architecture with mountain backdrop,0.2251,Iconic entrance gate with flags,0.2205,Grand entrance with ornamental pillars,0.2087
"산성,성곽_분오리돈대_1246.jpg",Historic stone observatory on grassy hill,0.2515,Historic stone fountain centerpiece,0.2446,Clouds beneath glass-floor vantage point,0.2391
"산성,성곽_수원화성_756.jpg",Grand entrance arch with festival banners,0.2818,Scenic riverbank with floating lanterns,0.2756,Illuminated festival tents at dusk,0.2742
"산성,성곽_수원화성_758.jpg",Seaside tower with panoramic vistas,0.2851,Reflection of city skyline in water,0.282,Mountain-top observatory with panoramic view,0.2639
"산성,성곽_연천호로고루_779.jpg",Gallery surrounded by lush landscapes,0.2129,Outdoor market by historic city walls,0.2061,Market square with cobblestone paths,0.203
"산성,성곽_초지진_1229.jpg",Open-air restaurant with ocean view,0.2702,Outdoor seating with quaint tables,0.2513,Charming exterior with vintage signage,0.2361
"산성,성곽_행주산성_764.jpg",Wide-angle view of museum courtyard,0.2466,Reflection pool mirroring museum facade,0.2431,Traditional wooden temple gate entrance,0.2425
"산성,성곽_행주산성_765.jpg",Narrow lane with colorful murals,0.2536,Twisting street through medieval village,0.249,Busy intersection with iconic skyscrapers,0.2458
"산성,성곽_행주산성_766.jpg",Architectural details of facade frieze,0.2354,Historic stone fountain centerpiece,0.23,Tiered fountain with floral motifs,0.2293
삼겹살_골목고깃집_902.jpg,Open-air restaurant with ocean view,0.2259,Rooftop restaurant with city skyline,0.2114,Traditional thatched roof dining pavilion,0.206
삼겹살_골목식당_890.jpg,Glass-walled restaurant overlooking mountains,0.1881,Alfresco seating under string lights,0.1781,Modern minimalist restaurant architecture,0.1763
삼겹살_골목식당_891.jpg,Minimalist gallery with geometric design,0.2068,Art gallery with contemporary facade,0.2057,Architectural details of gallery entrance,0.1958
삼겹살_골목식당_892.jpg,Retro drive-in theater setting,0.2313,Modern minimalist stage design,0.2099,Classic red velvet theater curtain,0.2052
"생태보존,서식지_을숙도생태공원 호수형습지_1603.jpg",Seaside tower with panoramic vistas,0.2504,Panoramic skyline from hilltop park,0.2402,Historic gazebo amidst lush greenery,0.2278
"수목원,식물원_국립수목원_594.jpg",Panoramic view from palace balcony,0.2072,Traditional architecture with mountain backdrop,0.2026,Traditional architecture with mountain backdrop,0.2026
"수목원,식물원_국립수목원_595.jpg",Modern sculpture in open meadow,0.2667,Wide-angle view of museum courtyard,0.2505,Reflection pool mirroring museum facade,0.2456
"수목원,식물원_금강식물원_1577.jpg",Cascading waterfall through lush forest,0.2038,Gallery surrounded by lush landscapes,0.1982,Rocky cliffside waterfall at golden hour,0.197
"수목원,식물원_금강식물원_1578.jpg",Sculpted topiary garden maze,0.3119,Japanese Zen garden with koi pond,0.2944,Stone lanterns lining temple pathway,0.2693
"수목원,식물원_금강식물원_1579.jpg",Japanese Zen garden with koi pond,0.3029,Alpine rock garden with waterfall,0.2828,Palace reflection in lotus pond,0.2761
"수목원,식물원_남산야외식물원_97.jpg",Seasonal flower beds in bloom,0.2367,Historic gazebo amidst lush greenery,0.2355,Modern sculpture in open meadow,0.2282
"수목원,식물원_남산야외식물원_98.jpg",Traditional wooden temple gate entrance,0.2897,Japanese Zen garden with koi pond,0.2791,Bamboo forest surrounding secluded shrine,0.2752
"수목원,식물원_대구수목원_1965.jpg",Ancient trees with twisted branches,0.2471,Japanese Zen garden with koi pond,0.2343,Seasonal flower beds in bloom,0.2267
"수목원,식물원_더그림_596.jpg",Golden Buddha statue in lush garden,0.2951,Traditional architecture with mountain backdrop,0.2645,Tropical greenhouse with exotic plants,0.2619
"수목원,식물원_더그림_597.jpg",Traditional thatched roof dining pavilion,0.2922,Open-air restaurant with ocean view,0.2625,Vine-covered courtyard dining area,0.2622
"수목원,식물원_더그림_598.jpg",Gallery surrounded by lush landscapes,0.2572,Outdoor sculpture garden with pathways,0.2519,Alpine rock garden with waterfall,0.2504
"수목원,식물원_도당근린공원 백만송이장미원_617.jpg",Fountain surrounded by seasonal flowers,0.2529,Iconic entrance gate with flags,0.2516,Modern sculpture in open meadow,0.2465
"수목원,식물원_도당근린공원 백만송이장미원_618.jpg",Charming exterior with vintage signage,0.2504,Traditional European-style storefront,0.2492,Glass-fronted shop in urban setting,0.2452
"수목원,식물원_도당근린공원 백만송이장미원_619.jpg",Seasonal flower beds in bloom,0.283,Historic gazebo amidst lush greenery,0.2779,Tranquil Japanese garden design,0.264
"수목원,식물원_물향기수목원_590.jpg",Serene pond with lily pads,0.3067,Water lily pond with reflection,0.2939,Seasonal flower beds in bloom,0.2436
"수목원,식물원_물향기수목원_591.jpg",Riverbank walking route,0.2347,Meandering forest path,0.2003,Minimalist gallery with geometric design,0.1933
"수목원,식물원_물향기수목원_592.jpg",Open-air restaurant with ocean view,0.2062,Golden roofed palace under clear sky,0.1993,Palace reflection in lotus pond,0.195
"수목원,식물원_바다향기수목원_606.jpg",Open-air restaurant with ocean view,0.2553,Classic red velvet stage curtains,0.2176,Modern minimalist stage design,0.2096
"수목원,식물원_바다향기수목원_607.jpg",Artisan crafts and woven baskets display,0.2018,Palace reflection in lotus pond,0.1931,Early morning market street ambiance,0.1919
"수목원,식물원_벽초지수목원_587.jpg",Seasonal flower beds in bloom,0.2432,Blossoming cherry trees in spring,0.2385,Majestic hall framed by cherry blossoms,0.2109
"수목원,식물원_벽초지수목원_589.jpg",Open-air restaurant with ocean view,0.2328,Art gallery with contemporary facade,0.2321,Minimalist gallery with geometric design,0.2247
"수목원,식물원_부산시수목전시원_1582.jpg",Japanese Zen garden with koi pond,0.2969,Alpine rock garden with waterfall,0.2731,Lotus pond reflecting temple facade,0.2715
"수목원,식물원_부산어린이식물원_1592.jpg",Interactive educational displays,0.2384,Vibrant market under hanging lanterns,0.2325,Artisan crafts and woven baskets display,0.231
"수목원,식물원_부산어린이식물원_1593.jpg",Aerial view of stadium landscape,0.2842,Stadium against mountain backdrop,0.2475,Stadium entrance framed by trees,0.2471
"수목원,식물원_부산어린이식물원_1594.jpg",Interactive educational displays,0.2075,Colorful carousel and spinning lights,0.2007,Aquatic exhibits with underwater tunnels,0.1959
"수목원,식물원_부산화명수목원_1568.jpg",Seasonal flower beds in bloom,0.2679,Lush forest with vibrant green canopy,0.2491,Alpine rock garden with waterfall,0.2477
"수목원,식물원_부산화명수목원_1569.jpg",Seasonal flower beds in bloom,0.2565,Lush forest with vibrant green canopy,0.2432,Alpine rock garden with waterfall,0.2422
"수목원,식물원_부산화명수목원_1570.jpg",Meandering forest path,0.2632,Riverbank walking route,0.2487,Alpine rock garden with waterfall,0.2447
"수목원,식물원_북한산식물원_113.jpg",Traditional architecture with mountain backdrop,0.2859,Curved road with mountain backdrop,0.2803,Mountain temple shrouded in mist,0.2529
"수목원,식물원_북한산식물원_114.jpg",Tropical greenhouse with exotic plants,0.3169,Lush botanical gardens with exotic plants,0.3119,Victorian glasshouse with rare orchids,0.2892
"수목원,식물원_사바나농장_115.jpg",Tropical greenhouse with exotic plants,0.2577,Artistic animal habitat structures,0.2552,Cactus and succulent arid landscape,0.2425
"수목원,식물원_사바나농장_116.jpg",Cactus and succulent arid landscape,0.2725,Tropical greenhouse with exotic plants,0.2432,Victorian glasshouse with rare orchids,0.2396
"수목원,식물원_사바나농장_117.jpg",Intricate floral floats in parade,0.255,Outdoor seating with quaint tables,0.2458,Outdoor market by historic city walls,0.2444
"수목원,식물원_서경하늘수목원_1601.jpg",Gabled rooftops against autumn foliage,0.2827,Traditional architecture with mountain backdrop,0.272,Stone lanterns lining temple pathway,0.2416
"수목원,식물원_서울식물원_88.jpg",Interactive educational displays,0.2372,Artistic animal habitat structures,0.2281,Safari-themed landscape views,0.2201
"수목원,식물원_서울어린이대공원 식물원_106.jpg",Glass atrium with natural light,0.2561,Wide-angle view of museum courtyard,0.2537,Modernist exterior with geometric lines,0.2482
"수목원,식물원_서울어린이대공원 식물원_107.jpg",Lush botanical gardens with exotic plants,0.2747,Wooden walkways through tropical zones,0.2556,Tropical greenhouse with exotic plants,0.255
"수목원,식물원_서울어린이대공원 식물원_108.jpg",Art gallery with contemporary facade,0.2209,Reflection pool mirroring museum facade,0.2125,Vast exhibition hall with paintings,0.2101
"수목원,식물원_석모도수목원_1101.jpg",Seasonal flower beds in bloom,0.2764,Golden Buddha statue in lush garden,0.2737,Stone lanterns lining temple pathway,0.2611
"수목원,식물원_석모도수목원_1102.jpg",Bridge crossing scenic trail,0.2629,Riverbank walking route,0.254,Meandering forest path,0.249
"수목원,식물원_석모도수목원_1103.jpg",Blossoming cherry trees in spring,0.257,Seasonal flower beds in bloom,0.2427,Bamboo grove shaded pathway,0.2411
"수목원,식물원_선유도공원 시간의정원_104.jpg",Historic gazebo amidst lush greenery,0.27,Tranquil Japanese garden design,0.2631,Forested hills from wooden lookout,0.2614
"수목원,식물원_선유도공원 온실_124.jpg",Victorian glasshouse with rare orchids,0.2691,Lush botanical gardens with exotic plants,0.256,Expansive open-air enclosures,0.254
"수목원,식물원_세미원_578.jpg",Seasonal flower beds in bloom,0.2374,Skybridge connecting department stores,0.2363,Historic gazebo amidst lush greenery,0.2314
"수목원,식물원_세미원_579.jpg",Art gallery with contemporary facade,0.2568,Architectural details of gallery entrance,0.2486,Traditional architecture with mountain backdrop,0.2375
"수목원,식물원_세미원_580.jpg",Ancient trees with twisted branches,0.2475,Decorative street flags fluttering,0.2386,Intricate floral floats in parade,0.2336
"수목원,식물원_신구대학교식물원_608.jpg",Alpine rock garden with waterfall,0.2404,Lush jungle pathway,0.2339,Tropical greenhouse with exotic plants,0.2304
"수목원,식물원_신구대학교식물원_610.jpg",Meandering forest path,0.2288,Tropical greenhouse with exotic plants,0.2275,Seasonal flower beds in bloom,0.2253
"수목원,식물원_아차산어울림정원 자생식물원_121.jpg",Giant water slide under blue sky,0.2887,Vibrant roller coaster tracks in motion,0.2676,Historic wooden roller coaster structure,0.2518
"수목원,식물원_아차산어울림정원 자생식물원_122.jpg",Wide-angle view of museum courtyard,0.2494,Alpine rock garden with waterfall,0.2433,Reflection pool mirroring museum facade,0.2365
"수목원,식물원_아침고요수목원_585.jpg",Seasonal flower beds in bloom,0.294,Historic gazebo amidst lush greenery,0.2759,Fountain surrounded by seasonal flowers,0.2715
"수목원,식물원_아침고요수목원_586.jpg",Japanese Zen garden with koi pond,0.2933,Bamboo forest surrounding secluded shrine,0.2702,Water lily pond with reflection,0.2668
"수목원,식물원_아홉산숲_1572.jpg",Traditional wooden temple gate entrance,0.3097,Bamboo forest surrounding secluded shrine,0.2849,Stone lanterns lining temple pathway,0.2791
"수목원,식물원_아홉산숲_1573.jpg",Pathway through a bamboo forest,0.3321,Bamboo forest surrounding secluded shrine,0.3148,Meandering forest path,0.2589
"수목원,식물원_영흥수목원_612.jpg",Seaside tower with panoramic vistas,0.2426,Sky-high drop tower against clouds,0.2336,Iconic entrance gate with flags,0.2291
"수목원,식물원_영흥수목원_613.jpg",Modern minimalist stage design,0.2223,Sunlit outdoor theater ruins,0.212,Reflection in surrounding water bodies,0.2068
"수목원,식물원_인천나비공원 수생식물원_1098.jpg",Lotus pond reflecting temple facade,0.2738,Bamboo forest surrounding secluded shrine,0.2704,Palace reflection in lotus pond,0.2639
"수목원,식물원_인천나비공원 수생식물원_1099.jpg",Stone lanterns lining temple pathway,0.2711,Golden Buddha statue in lush garden,0.2695,Japanese Zen garden with koi pond,0.2688
"수목원,식물원_인천수목원_1090.jpg",Autumn leaves carpeted walking trail,0.2495,Riverbank walking route,0.2223,Blossoming cherry trees in spring,0.2212
"수목원,식물원_인천수목원_1091.jpg",Historic gazebo amidst lush greenery,0.2662,Courtyard view with stone pathways,0.266,Bamboo grove shaded pathway,0.2648
"수목원,식물원_인천환경공단 청라생태공원 온실_1104.jpg",Iconic entrance gate with flags,0.2357,Grand entrance with ornamental pillars,0.2258,Bridges over gentle flowing streams,0.2199
"수목원,식물원_인천환경공단 청라생태공원 온실_1105.jpg",Meandering forest path,0.2769,Open prairie trail under vast sky,0.2611,Riverbank walking route,0.2544
"수목원,식물원_장산산림욕장_1591.jpg",Meandering forest path,0.2751,Bridge crossing scenic trail,0.2648,Bamboo grove shaded pathway,0.2614
"수목원,식물원_창경궁 대온실_94.jpg",Palace reflection in lotus pond,0.2808,Palace reflection in lotus pond,0.2808,Victorian glasshouse with rare orchids,0.2786
"수목원,식물원_창경궁 대온실_95.jpg",Victorian glasshouse with rare orchids,0.2834,Palace reflection in lotus pond,0.2685,Palace reflection in lotus pond,0.2685
"수목원,식물원_창경궁 대온실_96.jpg",Historic stone fountain centerpiece,0.3387,Tiered fountain with floral motifs,0.3293,Ornate baroque fountain in plaza,0.2952
"수목원,식물원_푸른수목원_91.jpg",Palace reflection in lotus pond,0.2822,Water lily pond with reflection,0.2804,Serene pond with lily pads,0.2799
"수목원,식물원_푸른수목원_92.jpg",Riverbank walking route,0.2737,Bridge crossing scenic trail,0.2679,Meandering forest path,0.2643
"수목원,식물원_푸른수목원_93.jpg",Misty forest with dense fog,0.2387,Palace reflection in lotus pond,0.2305,Clear stream flowing through forest glade,0.222
"수목원,식물원_한택식물원_602.jpg",Lotus pond reflecting temple facade,0.2726,Water lily pond with reflection,0.2671,Golden Buddha statue in lush garden,0.2491
"수목원,식물원_한택식물원_603.jpg",Tropical greenhouse with exotic plants,0.2445,Seasonal flower beds in bloom,0.2367,Victorian glasshouse with rare orchids,0.231
"수목원,식물원_한택식물원_604.jpg",Seasonal flower beds in bloom,0.2664,Alpine rock garden with waterfall,0.2376,Tropical greenhouse with exotic plants,0.2151
"수목원,식물원_해운대수목원_1574.jpg",Bamboo grove shaded pathway,0.2666,Courtyard view with stone pathways,0.2481,Tranquil Japanese garden design,0.2391
"수목원,식물원_해운대수목원_1576.jpg",Seasonal flower beds in bloom,0.2941,Fountain surrounded by seasonal flowers,0.2606,Tranquil Japanese garden design,0.2514
"수목원,식물원_화담숲_583.jpg",Alpine rock garden with waterfall,0.2765,Japanese Zen garden with koi pond,0.2581,Bamboo forest surrounding secluded shrine,0.2568
"수목원,식물원_황학산수목원_620.jpg",Meandering forest path,0.2529,Riverbank walking route,0.2526,Desert canyon pathway,0.239
순대_골목순대국_390.jpg,Open-air restaurant with ocean view,0.2605,Charming exterior with vintage signage,0.2511,Colorful awnings and hanging lanterns,0.2417
순대_골목순대국_391.jpg,Glass-walled restaurant overlooking mountains,0.2263,Traditional thatched roof dining pavilion,0.2014,Open-air restaurant with ocean view,0.1976
순대_골목순대국_392.jpg,Vibrant market under hanging lanterns,0.2799,Quiet market corners with old signage,0.2574,Traditional market alleyways at sunset,0.2506
술집_숨은골목_388.jpg,Interactive educational displays,0.2178,Palace reflection in lotus pond,0.2094,Safari-themed landscape views,0.2031
시장_가락시장_336.jpg,Glass-fronted shop in urban setting,0.2043,Vibrant market under hanging lanterns,0.2013,Traditional European-style storefront,0.1991
시장_가락시장_337.jpg,Rustic wooden market architecture,0.2321,Artisan crafts and woven baskets display,0.2317,Early morning market street ambiance,0.2294
시장_가락시장_338.jpg,Seaside tower with panoramic vistas,0.2495,Modern sculpture in open meadow,0.2247,Golden roofed palace under clear sky,0.2183
시장_강남시장_1337.jpg,Rain-soaked street reflecting neon lights,0.2301,waterfalls cascading into river,0.2156,Busy intersection with iconic skyscrapers,0.2154
시장_강화풍물시장_1328.jpg,Skybridge connecting department stores,0.2346,Colorful canopies over market stalls,0.2324,Weathered market signs and banners,0.2216
시장_경동시장_333.jpg,Minimalist modern water feature,0.2286,Modern minimalist stage design,0.2272,Fountain with colorful mosaic tiles,0.2118
시장_경동시장_334.jpg,Artistic animal habitat structures,0.2366,Treehouse observation decks,0.2296,Wooden walkways through tropical zones,0.2223
시장_계양산전통시장_1334.jpg,Classic red velvet stage curtains,0.2181,Skybridge connecting department stores,0.212,Grand staircase in central atrium,0.2084
시장_계양산전통시장_1335.jpg,Modern minimalist stage design,0.2605,Rooftop movie screen under stars,0.2385,Retro drive-in theater setting,0.2364
시장_계양산전통시장_1336.jpg,Modern minimalist stage design,0.2383,Gallery with expansive skylights,0.2275,Classic red velvet stage curtains,0.226
시장_광명전통시장_869.jpg,Minimalist modern water feature,0.2074,Historic stone fountain centerpiece,0.1893,Golden roofed palace under clear sky,0.1791
시장_광장시장_321.jpg,Early morning market street ambiance,0.2728,Vibrant market under hanging lanterns,0.2682,Colorful canopies over market stalls,0.2621
시장_광장시장_323.jpg,Weathered market signs and banners,0.235,Quiet market corners with old signage,0.2233,Seasonal window display decorations,0.2112
시장_교동대룡시장_1313.jpg,Rustic wooden interior with chandeliers,0.2857,Traditional European-style storefront,0.2275,Wooden shutters and flower boxes,0.2273
시장_교동대룡시장_1314.jpg,Open-air restaurant with ocean view,0.2071,Rooftop restaurant with city skyline,0.2058,Glass-walled restaurant overlooking mountains,0.2038
시장_교동대룡시장_1315.jpg,Rustic wooden interior with chandeliers,0.2803,Modern minimalist restaurant architecture,0.2632,Glass-walled restaurant overlooking mountains,0.2467
시장_구리전통시장_851.jpg,Classic red velvet stage curtains,0.1795,Modern minimalist stage design,0.1768,Sweeping gardens with symmetrical layout,0.1761
시장_구리전통시장_853.jpg,Classic red velvet stage curtains,0.207,Golden roofed palace under clear sky,0.1881,Golden roofed palace under clear sky,0.1881
시장_구포시장_1774.jpg,Sky filled with vibrant fireworks,0.1971,Traditional drumming stage backdrop,0.1826,Minimalist gallery with geometric design,0.178
시장_구포시장_1775.jpg,Artistic animal habitat structures,0.1931,Expansive open-air enclosures,0.1862,Treehouse observation decks,0.1845
시장_국제시장_1764.jpg,Weathered market signs and banners,0.2571,Quiet market corners with old signage,0.256,Colorful canopies over market stalls,0.2181
시장_국제시장_1766.jpg,Narrow lane with colorful murals,0.2331,Skybridge connecting department stores,0.2329,Grand entrance with ornamental pillars,0.2272
시장_기장시장_1786.jpg,Vibrant market under hanging lanterns,0.2863,Outdoor market by historic city walls,0.2844,Colorful canopies over market stalls,0.2767
시장_기장시장_1787.jpg,Artisan crafts and woven baskets display,0.2108,Intricate floral floats in parade,0.2086,Outdoor market by historic city walls,0.2078
시장_남대문시장_325.jpg,Outdoor market by historic city walls,0.311,Vibrant market under hanging lanterns,0.2902,Colorful canopies over market stalls,0.2776
시장_남촌농산물도매시장_1322.jpg,Colorful canopies over market stalls,0.2365,Vibrant market under hanging lanterns,0.2334,Early morning market street ambiance,0.2225
시장_남촌농산물도매시장_1323.jpg,Colorful canopies over market stalls,0.2559,Vibrant market under hanging lanterns,0.2459,Early morning market street ambiance,0.2447
시장_남촌농산물도매시장_1324.jpg,Grand entrance arch with festival banners,0.2377,Decorative street flags fluttering,0.2267,Colorful lanterns illuminating the street,0.2154
시장_노량진수산물도매시장_340.jpg,Industrial cranes at busy shipyard,0.2602,Vibrant market under hanging lanterns,0.2291,Colorful canopies over market stalls,0.2287
시장_노량진수산물도매시장_341.jpg,Glass-fronted shop in urban setting,0.2416,Quiet market corners with old signage,0.2333,Traditional European-style storefront,0.2305
시장_독립문 영천시장_363.jpg,Vintage marquee with neon lights,0.2425,Open-air restaurant with ocean view,0.2389,Classic red velvet stage curtains,0.2166
시장_동대문종합시장_330.jpg,Art Deco department store façade,0.2896,Skybridge connecting department stores,0.258,Golden roofed palace under clear sky,0.2369
시장_동대문종합시장_332.jpg,Art Deco department store façade,0.2679,Art Deco theater facade,0.2677,Skybridge connecting department stores,0.2546
시장_동래시장_1782.jpg,Vibrant market under hanging lanterns,0.2343,Outdoor market by historic city walls,0.2246,Colorful canopies over market stalls,0.2182
시장_동래시장_1783.jpg,Vibrant market under hanging lanterns,0.2021,Colorful canopies over market stalls,0.1922,Quiet market corners with old signage,0.188
시장_동래시장_1784.jpg,Artisan crafts and woven baskets display,0.1749,Skybridge connecting department stores,0.1734,Glass-fronted shop in urban setting,0.1723
시장_동묘시장_345.jpg,Colorful canopies over market stalls,0.2925,Vibrant market under hanging lanterns,0.2521,Outdoor market by historic city walls,0.251
시장_동묘시장_347.jpg,Narrow lane with colorful murals,0.2579,Quiet market corners with old signage,0.2518,Weathered market signs and banners,0.2444
시장_마장축산물시장_357.jpg,Classic red velvet stage curtains,0.2228,Modern minimalist stage design,0.2206,Panoramic view from palace balcony,0.1976
시장_마장축산물시장_358.jpg,Busy intersection with iconic skyscrapers,0.2084,Narrow lane with colorful murals,0.2049,Tranquil street under cherry blossoms,0.2017
시장_마장축산물시장_359.jpg,Rooftop restaurant with city skyline,0.2471,Open-air restaurant with ocean view,0.2453,Vintage marquee with neon lights,0.2415
시장_망원시장_327.jpg,Art Deco theater facade,0.273,Grand theater entrance facade,0.2724,Open-air restaurant with ocean view,0.2674
시장_망원시장_328.jpg,Skybridge connecting department stores,0.2337,Grand staircase in central atrium,0.2189,Panoramic view from stadium seats,0.2032
시장_망원시장_329.jpg,Open-air restaurant with ocean view,0.2451,Outdoor seating with quaint tables,0.2157,Glass-walled restaurant overlooking mountains,0.2071
시장_모란민속5일장_842.jpg,Grand entrance arch with festival banners,0.2683,Decorative street flags fluttering,0.2316,Busy intersection with iconic skyscrapers,0.2221
시장_모란민속5일장_843.jpg,Modern marina with luxury yachts,0.2777,Panoramic view from observation deck,0.2538,Outdoor market by historic city walls,0.2495
시장_모래내시장_1316.jpg,Colorful canopies over market stalls,0.2904,Vibrant market under hanging lanterns,0.2872,Sunlit alley with colorful hanging lanterns,0.2844
시장_모래내시장_1317.jpg,Stadium exterior with dramatic lighting,0.1983,Wide-angle view of stadium roof,0.1976,Stadium against mountain backdrop,0.1905
시장_목동깨비시장_351.jpg,Colorful canopies over market stalls,0.23,Sunlit window display with pastries,0.2229,Early morning market street ambiance,0.2217
시장_목동깨비시장_352.jpg,Colorful canopies over market stalls,0.264,Early morning market street ambiance,0.2367,Vibrant market under hanging lanterns,0.2299
시장_목동깨비시장_353.jpg,Colorful canopies over market stalls,0.246,Decorative street flags fluttering,0.2337,Vibrant market under hanging lanterns,0.2239
시장_민락회타운시장_1798.jpg,Skybridge connecting department stores,0.2469,Seaside tower with panoramic vistas,0.2441,Golden roofed palace under clear sky,0.2288
시장_반여농산물도매시장_1779.jpg,Decorative street flags fluttering,0.2553,Grand entrance arch with festival banners,0.2385,Seasonal window display decorations,0.2203
시장_반여농산물도매시장_1780.jpg,Lush forest with vibrant green canopy,0.193,Forested hills from wooden lookout,0.1897,Seaside tower with panoramic vistas,0.1787
시장_반여농산물도매시장_1781.jpg,Twisting street through medieval village,0.2321,Curved road with mountain backdrop,0.2196,Busy intersection with iconic skyscrapers,0.2165
시장_발안만세시장_875.jpg,Minimalist gallery with geometric design,0.1934,Artisan crafts and woven baskets display,0.192,Weathered market signs and banners,0.1883
시장_발안만세시장_876.jpg,Minimalist gallery with geometric design,0.1965,Gallery surrounded by lush landscapes,0.1815,Vast exhibition hall with paintings,0.1813
시장_방산시장_360.jpg,Weathered market signs and banners,0.2774,Quiet market corners with old signage,0.26,Vibrant market under hanging lanterns,0.2407
시장_방산시장_361.jpg,Outdoor market by historic city walls,0.286,Quiet market corners with old signage,0.2663,Traditional market alleyways at sunset,0.2656
시장_방산시장_362.jpg,Seasonal window display decorations,0.2432,Glass-fronted shop in urban setting,0.2199,Quiet market corners with old signage,0.2186
시장_부산진시장_1767.jpg,Blossoming cherry trees in spring,0.2086,Bridges over gentle flowing streams,0.1911,Tropical greenhouse with exotic plants,0.1898
시장_부산진시장_1768.jpg,Blossoming cherry trees in spring,0.2036,Bridges over gentle flowing streams,0.1894,Tropical greenhouse with exotic plants,0.1833
시장_부산진시장_1769.jpg,Panoramic view from observation deck,0.249,Historic wooden roller coaster structure,0.2405,Vibrant roller coaster tracks in motion,0.2343
시장_부전시장_1758.jpg,Classic red velvet stage curtains,0.1898,Palace reflection in lotus pond,0.1884,Majestic hall framed by cherry blossoms,0.1842
시장_부전시장_1759.jpg,Classic red velvet stage curtains,0.1971,Gallery surrounded by lush landscapes,0.1865,Palace reflection in lotus pond,0.1856
시장_부전시장_1760.jpg,Vine-covered courtyard dining area,0.2485,Artisan crafts and woven baskets display,0.2437,Traditional thatched roof dining pavilion,0.2436
시장_부평깡통시장_1761.jpg,Weathered market signs and banners,0.2511,Vibrant market under hanging lanterns,0.2486,Quiet market corners with old signage,0.2444
시장_부평깡통시장_1762.jpg,Old-world pub facade with ivy-covered walls,0.2625,Open-air restaurant with ocean view,0.2521,Historical building with ornate facade,0.2421
시장_부평깡통시장_1763.jpg,Colorful canopies over market stalls,0.2874,Vibrant market under hanging lanterns,0.2804,Rustic wooden market architecture,0.2491
시장_부평종합시장_1325.jpg,Colorful canopies over market stalls,0.2647,Outdoor market by historic city walls,0.2617,Vibrant market under hanging lanterns,0.2542
시장_삼미시장_845.jpg,Open-air restaurant with ocean view,0.2449,Glass-fronted shop in urban setting,0.2242,Colorful awnings and hanging lanterns,0.2224
시장_삼미시장_846.jpg,Vibrant market under hanging lanterns,0.2504,Outdoor market by historic city walls,0.246,Early morning market street ambiance,0.2431
시장_삼산농산물도매시장_1346.jpg,Modern minimalist stage design,0.2361,Classic red velvet stage curtains,0.2275,Architectural details of stadium facade,0.2227
시장_삼산농산물도매시장_1347.jpg,Interior courtyard with natural light,0.2319,Skybridge connecting department stores,0.2272,Golden roofed palace under clear sky,0.223
시장_삼산농산물도매시장_1348.jpg,Wide-angle view of stadium roof,0.2655,Aerial view of stadium landscape,0.2575,Stadium exterior with dramatic lighting,0.2465
시장_서면시장_1795.jpg,Quiet market corners with old signage,0.2661,Colorful awnings and hanging lanterns,0.2544,Glass-fronted shop in urban setting,0.2508
시장_서울풍물시장_354.jpg,Classic red velvet stage curtains,0.1869,Golden roofed palace under clear sky,0.1846,Golden roofed palace under clear sky,0.1846
시장_서울풍물시장_355.jpg,Weathered market signs and banners,0.2564,Quiet market corners with old signage,0.2418,Art Deco department store façade,0.231
시장_서울풍물시장_356.jpg,Seasonal flower beds in bloom,0.2466,Water lily pond with reflection,0.2246,Alpine rock garden with waterfall,0.2117
시장_서원시장_1791.jpg,Open-air restaurant with ocean view,0.2536,Colorful awnings and hanging lanterns,0.2403,Glass-fronted shop in urban setting,0.2398
시장_성남중앙공설시장_878.jpg,Skybridge connecting department stores,0.2429,Market square with cobblestone paths,0.2412,Art Deco department store façade,0.2388
시장_성남중앙공설시장_880.jpg,Colorful canopies over market stalls,0.2533,Vibrant market under hanging lanterns,0.2522,Glass-fronted shop in urban setting,0.2358
시장_소래포구종합어시장_1310.jpg,Grand entrance arch with festival banners,0.2462,Sculpture garden with lush greenery,0.2186,Wide-angle view of museum courtyard,0.2161
시장_수원시농수산물도매시장_860.jpg,Market square with cobblestone paths,0.2473,Early morning market street ambiance,0.2446,Colorful canopies over market stalls,0.2425
시장_수원시농수산물도매시장_861.jpg,Skybridge connecting department stores,0.2187,Glass atrium with skylight ceiling,0.2081,Sweeping gardens with symmetrical layout,0.2013
시장_수원시농수산물도매시장_862.jpg,Grand entrance arch with festival banners,0.2265,Decorative street flags fluttering,0.2089,Modern minimalist stage design,0.2078
시장_신기시장_1331.jpg,Classic red velvet stage curtains,0.1686,Wide-angle view of museum courtyard,0.1653,Courtyard view with stone pathways,0.1597
시장_신기시장_1333.jpg,Stadium against mountain backdrop,0.2087,Stadium exterior with dramatic lighting,0.2075,Stadium entrance framed by trees,0.2026
시장_신흥시장_343.jpg,Glass-walled restaurant overlooking mountains,0.2498,Modern minimalist restaurant architecture,0.2449,Rustic wooden interior with chandeliers,0.2331
시장_신흥시장_344.jpg,Alley with overhanging laundry lines,0.3033,Twisting alley with ivy-covered archways,0.2875,Historic alley with vintage street lamps,0.267
시장_안양농수산물도매시장 수산동_881.jpg,Grand entrance arch with festival banners,0.1996,Traditional drumming stage backdrop,0.1842,Sky filled with vibrant fireworks,0.1839
시장_안양농수산물도매시장 수산동_882.jpg,Seasonal flower beds in bloom,0.2814,Skybridge connecting department stores,0.2374,Majestic hall framed by cherry blossoms,0.2285
시장_안양농수산물도매시장 수산동_883.jpg,Alley with overhanging laundry lines,0.2307,Cobbled alleyway with vintage lampposts,0.2143,Quiet cul-de-sac with ivy-covered walls,0.2057
시장_안양중앙시장_866.jpg,Open-air restaurant with ocean view,0.2283,Seaside terrace dining at sunset,0.2174,Traditional thatched roof dining pavilion,0.2154
시장_안양중앙시장_867.jpg,Decorative street flags fluttering,0.2081,Classic red velvet stage curtains,0.2059,Grand entrance arch with festival banners,0.2
시장_안양중앙시장_868.jpg,Decorative street flags fluttering,0.188,Intricate floral floats in parade,0.1864,Grand entrance arch with festival banners,0.1852
시장_용인중앙시장_854.jpg,Modern minimalist restaurant architecture,0.245,Rooftop restaurant with city skyline,0.2406,Open-air restaurant with ocean view,0.236
시장_용인중앙시장_855.jpg,Rustic wooden market architecture,0.1873,Artisan crafts and woven baskets display,0.1794,Market square with cobblestone paths,0.1772
시장_용인중앙시장_856.jpg,Ornate gate with intricate carvings,0.2725,Vibrant roller coaster tracks in motion,0.2629,Iconic entrance gate with flags,0.2622
시장_용현시장_1340.jpg,Outdoor market by historic city walls,0.2364,Vibrant market under hanging lanterns,0.2303,Colorful canopies over market stalls,0.2199
시장_용현시장_1341.jpg,Grand entrance with ornamental pillars,0.1969,Grand entrance with ornamental pillars,0.1969,Market square with cobblestone paths,0.1961
시장_용현시장_1342.jpg,Outdoor market by historic city walls,0.2473,Vibrant market under hanging lanterns,0.2437,Colorful canopies over market stalls,0.2272
시장_원당시장_884.jpg,Classic red velvet stage curtains,0.2018,Majestic hall framed by cherry blossoms,0.1851,Modern minimalist stage design,0.1775
시장_원당시장_886.jpg,Vibrant market under hanging lanterns,0.2332,Colorful canopies over market stalls,0.2262,Outdoor market by historic city walls,0.2206
시장_의정부제일시장_872.jpg,Graffiti-covered urban alleyway murals,0.2584,Quiet market corners with old signage,0.2538,Narrow lane with colorful murals,0.2397
시장_의정부제일시장_873.jpg,Seasonal flower beds in bloom,0.2449,Wooden shutters and flower boxes,0.2196,Early morning market street ambiance,0.2066
시장_의정부제일시장_874.jpg,Busy intersection with iconic skyscrapers,0.2387,Skybridge connecting department stores,0.2383,Twisting street through medieval village,0.2321
시장_인천석바위시장_1352.jpg,Traditional wooden temple gate entrance,0.2736,Grand entrance with ornamental pillars,0.2707,Ornate gate with intricate carvings,0.2619
시장_인천석바위시장_1353.jpg,Charming exterior with vintage signage,0.2544,Alley with overhanging laundry lines,0.2438,Wooden shutters and flower boxes,0.2401
시장_인천석바위시장_1354.jpg,Minimalist gallery with geometric design,0.2196,Grand entrance with ornamental pillars,0.2164,Gallery with expansive skylights,0.2141
시장_인천종합어시장_1319.jpg,Traditional architecture with mountain backdrop,0.2251,Iconic entrance gate with flags,0.2205,Grand entrance with ornamental pillars,0.2087
시장_인천종합어시장_1320.jpg,Industrial cranes at busy shipyard,0.1773,Golden roofed palace under clear sky,0.1708,Bamboo forest surrounding secluded shrine,0.1707
시장_인천종합어시장_1321.jpg,Traditional thatched roof dining pavilion,0.1992,Quiet market corners with old signage,0.1926,Early morning market street ambiance,0.1892
시장_일산시장_848.jpg,Crenellated towers against a blue sky,0.2394,Seaside tower with panoramic vistas,0.2246,Clouds beneath glass-floor vantage point,0.2182
시장_자유도매시장_1789.jpg,Grand entrance arch with festival banners,0.2177,Outdoor seating with quaint tables,0.1976,Decorative street flags fluttering,0.1944
시장_자유도매시장_1790.jpg,Skybridge connecting department stores,0.2165,Vintage elevator with ornate details,0.2039,Open-air restaurant with ocean view,0.2028
시장_장림골목시장_1777.jpg,Grand entrance arch with festival banners,0.2004,Quaint village pub under starry night sky,0.1918,Open-air restaurant with ocean view,0.1861
시장_장림골목시장_1778.jpg,Colorful canopies over market stalls,0.2544,Vibrant market under hanging lanterns,0.2451,Open-air restaurant with ocean view,0.2373
시장_정서진중앙시장_1343.jpg,Open-air restaurant with ocean view,0.2768,Colorful canopies over market stalls,0.2398,Rooftop restaurant with city skyline,0.2381
시장_정서진중앙시장_1344.jpg,Vibrant market under hanging lanterns,0.2616,Outdoor market by historic city walls,0.2413,Colorful canopies over market stalls,0.2365
시장_토지금고시장_1349.jpg,Rooftop restaurant with city skyline,0.2023,Open-air restaurant with ocean view,0.1956,Sky filled with vibrant fireworks,0.1838
시장_토지금고시장_1351.jpg,Busy intersection with iconic skyscrapers,0.2457,Narrow lane with colorful murals,0.2285,Graffiti-covered urban alleyway murals,0.2137
시장_해운대전통시장_1770.jpg,Open-air restaurant with ocean view,0.2213,Sunlit window display with pastries,0.2171,Charming exterior with vintage signage,0.2143
시장_해운대전통시장_1771.jpg,Vibrant market under hanging lanterns,0.2462,Early morning market street ambiance,0.2415,Colorful canopies over market stalls,0.2341
시장_해운대전통시장_1772.jpg,Open-air restaurant with ocean view,0.2235,Rooftop restaurant with city skyline,0.2066,Glass-walled restaurant overlooking mountains,0.1903
실내포장마차_골목정원_1355.jpg,Narrow lane with colorful murals,0.3039,Graffiti-covered urban alleyway murals,0.3019,Sunlit alley with colorful hanging lanterns,0.2415
실내포장마차_골목포차_1801.jpg,Charming exterior with vintage signage,0.2391,Alfresco seating under string lights,0.2381,Open-air restaurant with ocean view,0.2381
아파트_수목원호정포레스트아파트_1977.jpg,Courtyard view with stone pathways,0.2274,Colorful lanterns illuminating the street,0.2226,Grand entrance arch with festival banners,0.2176
양식_낭만놀이_1908.jpg,Venetian alley with rustic brick buildings,0.2832,Alley with overhanging laundry lines,0.2742,Narrow cobblestone alley with stone walls,0.2724
양식_디노브런치앤다이닝_1502.jpg,Colorful awnings and hanging lanterns,0.283,Traditional European-style storefront,0.2712,Charming exterior with vintage signage,0.2708
양식_디노브런치앤다이닝_1503.jpg,Outdoor seating with quaint tables,0.2646,Rustic wooden interior with chandeliers,0.2559,Traditional wooden pub with vintage signage,0.2539
양식_디노브런치앤다이닝_1504.jpg,Outdoor seating with quaint tables,0.2507,Open-air restaurant with ocean view,0.241,Sunlit window display with pastries,0.2291
양식_로앤쿡드 더브런치_42.jpg,Traditional European-style storefront,0.2461,Sunlit window display with pastries,0.2424,Charming exterior with vintage signage,0.2331
양식_문라이트브런치카페_1914.jpg,Vine-covered courtyard dining area,0.2476,Open-air restaurant with ocean view,0.2408,Glass-walled restaurant overlooking mountains,0.2218
양식_문라이트브런치카페_1915.jpg,Open-air restaurant with ocean view,0.2314,Traditional thatched roof dining pavilion,0.2307,Seaside terrace dining at sunset,0.2243
양식_문라이트브런치카페_1916.jpg,Busy intersection with iconic skyscrapers,0.2407,Reflective glass and steel structure,0.2231,Stadium against mountain backdrop,0.2191
양식_브런치 앤 디너 테라비 부산대점_1515.jpg,Open-air restaurant with ocean view,0.2246,Seaside terrace dining at sunset,0.2037,Glass-walled restaurant overlooking mountains,0.1991
양식_브런치 앤 디너 테라비 부산대점_1516.jpg,Open-air restaurant with ocean view,0.2269,Glass-walled restaurant overlooking mountains,0.2225,Traditional thatched roof dining pavilion,0.2224
양식_서울바다카페_486.jpg,Sunlit window display with pastries,0.2452,Wooden shutters and flower boxes,0.2031,Vine-covered courtyard dining area,0.1986
양식_서울바다카페_487.jpg,Golden Buddha statue in lush garden,0.2387,Traditional architecture with mountain backdrop,0.2319,Mountain temple shrouded in mist,0.223
양식_서울바다카페_488.jpg,Modern marina with luxury yachts,0.2613,Colorful sailboats in calm waters,0.2598,Golden sunset over tranquil sea,0.2508
양식_이디엘브런치하우스_1893.jpg,Cozy pub corner with rustic fireplace,0.2508,Rustic wooden interior with chandeliers,0.2503,Outdoor seating with quaint tables,0.2428
양식_이디엘브런치하우스_1894.jpg,Glass-walled restaurant overlooking mountains,0.206,Open-air restaurant with ocean view,0.1997,Outdoor seating with quaint tables,0.1979
양식_퐁당퐁당브런치_536.jpg,Vibrant market under hanging lanterns,0.2111,Colorful canopies over market stalls,0.2035,Open-air restaurant with ocean view,0.2023
온천_수목원생활온천_1975.jpg,Art deco cinema architecture,0.2968,Modern multiplex exterior at dusk,0.2919,Grand theater entrance facade,0.2831
온천_수목원생활온천_1976.jpg,Rustic wooden interior with chandeliers,0.28,Traditional thatched roof dining pavilion,0.2676,Cozy pub corner with rustic fireplace,0.2668
워터테마파크_누리워터파크_1295.jpg,Giant water slide under blue sky,0.2376,Twinkling lights on amusement rides,0.2252,Cascading water in urban park,0.2226
워터테마파크_누리워터파크_1296.jpg,Giant water slide under blue sky,0.2443,Twinkling lights on amusement rides,0.235,Sky-high drop tower against clouds,0.2208
워터테마파크_씨랄라워터파크_288.jpg,Twinkling lights on amusement rides,0.241,Giant water slide under blue sky,0.236,Vibrant roller coaster tracks in motion,0.2359
워터테마파크_아쿠아필드 고양_836.jpg,Waterfall plunging into turquoise pool,0.2746,Minimalist modern water feature,0.2555,Reflection pool with bronze spouts,0.2553
워터테마파크_아쿠아필드 하남_833.jpg,Waterfall plunging into turquoise pool,0.219,Minimalist modern water feature,0.2158,Fountain with colorful mosaic tiles,0.2
워터테마파크_아쿠아필드 하남_834.jpg,Modern minimalist restaurant architecture,0.2531,Glass-walled restaurant overlooking mountains,0.2499,Open-air restaurant with ocean view,0.2498
워터테마파크_아쿠아필드 하남_835.jpg,Open-air restaurant with ocean view,0.2444,Modern minimalist restaurant architecture,0.2263,Glass-walled restaurant overlooking mountains,0.2203
워터테마파크_웅진플레이도시_824.jpg,river delta with winding channels,0.2278,Serene pond with lily pads,0.2208,Bridges over gentle flowing streams,0.2147
워터테마파크_웅진플레이도시_825.jpg,Classic red velvet stage curtains,0.2273,Sky-high drop tower against clouds,0.2245,"Amusement park at night, neon glow",0.2209
워터테마파크_웅진플레이도시_826.jpg,Open-air restaurant with ocean view,0.2289,Rooftop restaurant with city skyline,0.1997,Traditional thatched roof dining pavilion,0.1994
워터테마파크_인스파이어 스플래시 베이_1293.jpg,Glass atrium with skylight ceiling,0.2764,Fountain with colorful mosaic tiles,0.2762,Waterfall plunging into turquoise pool,0.2644
워터테마파크_인스파이어 스플래시 베이_1294.jpg,Sculpted topiary garden maze,0.2512,Seasonal window display decorations,0.2471,Seasonal flower beds in bloom,0.2427
워터테마파크_캐리비안베이_818.jpg,Aquatic exhibits with underwater tunnels,0.2521,Wooden walkways through tropical zones,0.2412,Sky-high drop tower against clouds,0.2344
워터테마파크_캐리비안베이_819.jpg,Sky-high drop tower against clouds,0.2307,Symmetrical palace facade at sunrise,0.2229,Vibrant roller coaster tracks in motion,0.2209
워터테마파크_캐리비안베이_820.jpg,Fountain surrounded by lush gardens,0.2211,Fountain with colorful mosaic tiles,0.2172,Synchronized fountains in city square,0.2161
워터테마파크_클럽디오아시스_1731.jpg,Sky-high drop tower against clouds,0.2462,Seaside tower with panoramic vistas,0.2298,Historic wooden roller coaster structure,0.2297
워터테마파크_클럽디오아시스_1732.jpg,Waterfall plunging into turquoise pool,0.2584,Fountain with colorful mosaic tiles,0.2448,Fountain surrounded by lush gardens,0.2429
워터테마파크_클럽디오아시스_1733.jpg,Open-air restaurant with ocean view,0.2424,Fountain with colorful mosaic tiles,0.2377,Waterfall plunging into turquoise pool,0.2323
워터테마파크_파라다이스시티 씨메르_1273.jpg,Gilded balcony and box seats,0.2381,Clouds beneath glass-floor vantage point,0.2298,Reflection in surrounding water bodies,0.228
유적지_갑곶돈대_1239.jpg,Forested hills from wooden lookout,0.2781,Alpine rock garden with waterfall,0.27,Courtyard view with stone pathways,0.2684
유적지_강화광성보_1223.jpg,Wide-angle view of museum courtyard,0.235,Traditional wooden temple gate entrance,0.2348,Lotus pond reflecting temple facade,0.2276
유적지_강화광성보_1224.jpg,Historic stone observatory on grassy hill,0.2466,Bridge crossing scenic trail,0.2328,Riverbank walking route,0.2219
유적지_덕진진_1250.jpg,Tranquil Japanese garden design,0.247,Alpine rock garden with waterfall,0.2421,Sculpted topiary garden maze,0.2318
유적지_덕진진_1251.jpg,Classic red velvet stage curtains,0.1981,Traditional architecture with mountain backdrop,0.1932,Grand entrance arch with festival banners,0.1919
유적지_덕진진_1252.jpg,Traditional wooden temple gate entrance,0.3073,Ornate gate with intricate carvings,0.2841,Ornate gate with intricate carvings,0.2841
유적지_방화수류정_767.jpg,Palace reflection in lotus pond,0.2791,Water lily pond with reflection,0.2771,Serene pond with lily pads,0.2737
유적지_방화수류정_768.jpg,Palace reflection in lotus pond,0.2873,Tranquil Japanese garden design,0.287,Water lily pond with reflection,0.2808
유적지_방화수류정_769.jpg,Seasonal flower beds in bloom,0.2794,Blossoming cherry trees in spring,0.2668,Palm tree avenue under blue sky,0.2595
유적지_제물포구락부_1253.jpg,Seaside pub with panoramic ocean backdrop,0.2799,Pub interior with ornate stained glass,0.2723,Riverside pub with scenic water views,0.2647
유적지_제물포구락부_1254.jpg,Majestic hall framed by cherry blossoms,0.2977,Traditional architecture with mountain backdrop,0.2785,Traditional wooden temple gate entrance,0.2678
"육류,고기_골목안정원_404.jpg",Tranquil Japanese garden design,0.2611,Quiet cul-de-sac with ivy-covered walls,0.2408,Traditional architecture with mountain backdrop,0.2378
"육류,고기_골목흑돼지_382.jpg",Open-air restaurant with ocean view,0.2619,Traditional European-style storefront,0.2533,Glass-fronted shop in urban setting,0.2469
의류판매_브런치_1511.jpg,Sunlit window display with pastries,0.2318,Outdoor seating with quaint tables,0.2132,Modern minimalist restaurant architecture,0.2111
인천1호선_검단호수공원역 인천1호선_1120.jpg,Vibrant roller coaster tracks in motion,0.2383,Grand entrance arch with festival banners,0.2316,Twinkling lights on amusement rides,0.2273
인터넷쇼핑몰_선데이브런치_1049.jpg,Seaside terrace dining at sunset,0.2487,Glass-walled restaurant overlooking mountains,0.2251,Rooftop restaurant with city skyline,0.2247
입출구_부산박물관 정문_1660.jpg,Golden Buddha statue in lush garden,0.2982,Japanese Zen garden with koi pond,0.2881,Stone lanterns lining temple pathway,0.2699
입출구_서서울 호수공원 입구마당_148.jpg,Courtyard view with stone pathways,0.2804,Tranquil Japanese garden design,0.2736,Japanese Zen garden with koi pond,0.264
입출구_호수공원 출입구1_1128.jpg,Sweeping gardens with symmetrical layout,0.2449,Symmetrical palace facade at sunrise,0.2303,Symmetrical palace facade at sunrise,0.2303
입출구_호수공원 출입구1_1129.jpg,Sunlit outdoor theater ruins,0.2325,Modern minimalist stage design,0.2228,Historic theater with Corinthian columns,0.2213
입출구_호수공원 출입구1_1130.jpg,Bamboo forest surrounding secluded shrine,0.2735,Golden Buddha statue in lush garden,0.2717,Temple courtyard with ancient bells,0.2701
전망대_G타워전망대_1422.jpg,Reflection of city skyline in water,0.268,Reflective glass and steel structure,0.2559,Architectural details of stadium facade,0.2455
전망대_G타워전망대_1423.jpg,river delta with winding channels,0.264,Bridges over gentle flowing streams,0.2416,Panoramic skyline from hilltop park,0.2289
전망대_N서울타워_408.jpg,Seaside tower with panoramic vistas,0.2658,Historic gazebo amidst lush greenery,0.2447,Forested hills from wooden lookout,0.2294
전망대_N서울타워_409.jpg,Modern glass observatory in cityscape,0.1919,Mountain-top observatory with panoramic view,0.179,Remote observatory in lush forest setting,0.1751
전망대_N서울타워_410.jpg,Twinkling lights on amusement rides,0.2828,"Amusement park at night, neon glow",0.2666,Colorful carousel and spinning lights,0.2553
전망대_가람누리 전망대_960.jpg,Classic red velvet stage curtains,0.2313,Grand entrance with ornate facade,0.2094,Grand entrance with ornamental pillars,0.2087
전망대_가람누리 전망대_961.jpg,Classic red velvet stage curtains,0.2609,Grand entrance arch with festival banners,0.2486,Decorative street flags fluttering,0.2297
전망대_감천문화마을 하늘마루전망대_1886.jpg,Riverbank walking route,0.2601,Meandering forest path,0.2318,Cliffside coastal trail,0.2147
전망대_강화제적봉 평화전망대_1400.jpg,Traditional architecture with mountain backdrop,0.2266,Architectural details of stadium facade,0.2197,Stadium against mountain backdrop,0.2182
전망대_강화제적봉 평화전망대_1401.jpg,Seaside tower with panoramic vistas,0.2547,Architectural details of stadium facade,0.2489,Grand entrance with ornamental pillars,0.2429
전망대_강화제적봉 평화전망대_1402.jpg,Traditional architecture with mountain backdrop,0.2251,Iconic entrance gate with flags,0.2205,Grand entrance with ornamental pillars,0.2087
전망대_광진교8번가_417.jpg,Open-air restaurant with ocean view,0.2438,Rustic wooden interior with chandeliers,0.2331,Outdoor seating with quaint tables,0.2324
전망대_광진교8번가_418.jpg,Wide-angle view of stadium roof,0.2892,Stadium against mountain backdrop,0.2791,Architectural details of stadium facade,0.2701
전망대_광진교8번가_419.jpg,Gallery with expansive skylights,0.257,Art gallery with contemporary facade,0.252,Vast exhibition hall with paintings,0.2502
전망대_교동도 망향대_1407.jpg,Traditional drumming stage backdrop,0.2057,Grand entrance arch with festival banners,0.1895,Twisting street through medieval village,0.1894
전망대_교동도 망향대_1408.jpg,Historic gazebo amidst lush greenery,0.2307,Outdoor sculpture garden with pathways,0.2234,Historic gallery building exterior,0.2129
전망대_구리타워_940.jpg,Stadium against mountain backdrop,0.2176,Wide-angle view of stadium roof,0.205,Panoramic view from stadium seats,0.2013
전망대_구리타워_941.jpg,Seaside tower with panoramic vistas,0.2953,Mountain-top observatory with panoramic view,0.251,Modern glass observatory in cityscape,0.234
전망대_금광호수하늘전망대_963.jpg,Interactive educational displays,0.2736,Expansive open-air enclosures,0.2419,Modern sculpture in open meadow,0.2407
전망대_금광호수하늘전망대_964.jpg,Forested hills from wooden lookout,0.2474,autumn leaves along riverbank,0.2429,Reflection in surrounding water bodies,0.2287
전망대_금광호수하늘전망대_965.jpg,Seaside tower with panoramic vistas,0.2985,Remote observatory in lush forest setting,0.2724,Modern glass observatory in cityscape,0.2659
전망대_김포국제공항 국내선청사 공항전망대_435.jpg,Steel lattice against clear blue sky,0.2023,Crenellated towers against a blue sky,0.1957,Panoramic view from palace balcony,0.1947
전망대_김포국제공항 국내선청사 공항전망대_436.jpg,Colorful canopies over market stalls,0.193,Panoramic view from palace balcony,0.1779,Golden roofed palace under clear sky,0.1777
전망대_낙산공원 제1전망광장_426.jpg,Courtyard view with stone pathways,0.2571,Alpine rock garden with waterfall,0.2539,Traditional architecture with mountain backdrop,0.2481
전망대_낙산공원 제1전망광장_428.jpg,Art gallery with contemporary facade,0.2575,Vast exhibition hall with paintings,0.2571,Gallery surrounded by lush landscapes,0.2446
전망대_대항전망대_1881.jpg,Sheer sea cliffs with dramatic drop,0.2092,Secluded cove with turquoise waters,0.2052,Winding coastal road hugging the ocean,0.2043
전망대_대항전망대_1882.jpg,Gallery surrounded by lush landscapes,0.1767,Gallery with expansive skylights,0.1668,Outdoor sculpture garden with pathways,0.1668
전망대_도라산전망대_942.jpg,Japanese Zen garden with koi pond,0.3152,Tiered fountain with floral motifs,0.2865,Historic stone fountain centerpiece,0.2835
전망대_도라산전망대_943.jpg,Bridges over gentle flowing streams,0.2121,Tropical greenhouse with exotic plants,0.2064,Artisan crafts and woven baskets display,0.205
전망대_도라산전망대_944.jpg,Meandering forest path,0.226,Riverbank walking route,0.2258,Bridge crossing scenic trail,0.2195
전망대_동백섬 누리마루전망대_1878.jpg,Symmetrical palace facade at sunrise,0.2431,Symmetrical palace facade at sunrise,0.2431,Seaside harbor at golden hour,0.2345
전망대_동백섬 누리마루전망대_1879.jpg,Seaside harbor at golden hour,0.2431,Golden sunset over tranquil sea,0.228,Modern marina with luxury yachts,0.2217
전망대_동백섬 누리마루전망대_1880.jpg,Sunset silhouette of docked ships,0.2537,Seaside harbor at golden hour,0.2419,Symmetrical palace facade at sunrise,0.2333
전망대_동생말 전망대_1863.jpg,Traditional architecture with mountain backdrop,0.2446,Curved road with mountain backdrop,0.2436,Tranquil street under cherry blossoms,0.2376
전망대_동생말 전망대_1864.jpg,Harbor entrance with rocky breakwater,0.2654,Seaside tower with panoramic vistas,0.254,Snow-capped mountains from observation deck,0.2512
전망대_동생말 전망대_1865.jpg,Iconic entrance gate with flags,0.2488,Palace reflection in lotus pond,0.2457,Reflection in surrounding water bodies,0.2425
전망대_동작대교전망쉼터_425.jpg,Seaside tower with panoramic vistas,0.2693,Crenellated towers against a blue sky,0.2393,Historic lighthouse overlooking harbor,0.2387
전망대_마장호수 전망대_936.jpg,river delta with winding channels,0.242,Ancient stone-paved route,0.2303,Riverbank walking route,0.23
전망대_마장호수 전망대_937.jpg,Riverbank walking route,0.2528,Grand entrance arch with festival banners,0.2445,Meandering forest path,0.2385
전망대_무무대전망대_432.jpg,Seaside tower with panoramic vistas,0.2625,Panoramic skyline from hilltop park,0.2511,Snow-capped mountains from observation deck,0.2347
전망대_무무대전망대_433.jpg,Panoramic skyline from hilltop park,0.2654,Seaside tower with panoramic vistas,0.2537,Snow-capped mountains from observation deck,0.2448
전망대_무무대전망대_434.jpg,Steel lattice against clear blue sky,0.2502,Telescopic silhouette against sunset,0.235,Modern glass observatory in cityscape,0.2309
전망대_백운산전망대_1443.jpg,Forested hills from wooden lookout,0.2836,Seaside tower with panoramic vistas,0.2707,Bamboo forest surrounding secluded shrine,0.2546
전망대_백운산전망대_1444.jpg,Mountain-top observatory with panoramic view,0.2905,Clifftop observatory overlooking ocean,0.2718,Telescopic silhouette against sunset,0.2692
전망대_부산엑스더스카이_1851.jpg,Seaside tower with panoramic vistas,0.2462,Traditional architecture with mountain backdrop,0.2323,Modern architecture against stormy skies,0.2286
전망대_부산엑스더스카이_1852.jpg,Seasonal window display decorations,0.2265,Reflection pool mirroring museum facade,0.2227,Vast exhibition hall with paintings,0.2179
전망대_부산엑스더스카이_1853.jpg,Dome ceiling with intricate mosaics,0.2713,Vast exhibition hall with paintings,0.2541,Art gallery with contemporary facade,0.2438
전망대_부산타워_1857.jpg,Seaside tower with panoramic vistas,0.2952,Modern marina with luxury yachts,0.2332,Modern architecture against stormy skies,0.2284
전망대_부산타워_1859.jpg,Seaside tower with panoramic vistas,0.2926,Golden roofed palace under clear sky,0.2409,Traditional architecture with mountain backdrop,0.2403
전망대_북서울꿈의숲 전망대_446.jpg,Grand entrance arch with festival banners,0.218,Traditional drumming stage backdrop,0.1867,Decorative street flags fluttering,0.1864
전망대_서울스카이_411.jpg,Clouds beneath glass-floor vantage point,0.2217,Seaside tower with panoramic vistas,0.2041,Snow-capped mountains from observation deck,0.1943
전망대_서울스카이_412.jpg,Clouds beneath glass-floor vantage point,0.2458,Vast exhibition hall with paintings,0.2379,Gallery with expansive skylights,0.2368
전망대_서울스카이_413.jpg,Rooftop restaurant with city skyline,0.2893,Glass-walled restaurant overlooking mountains,0.2734,Modern glass observatory in cityscape,0.2718
전망대_선유도공원 선유도전망대_429.jpg,Bridge crossing scenic trail,0.2697,Seaside tower with panoramic vistas,0.2661,Panoramic view from observation deck,0.2598
전망대_선유도공원 선유도전망대_430.jpg,Tropical greenhouse with exotic plants,0.2678,Seasonal flower beds in bloom,0.2555,Lush jungle pathway,0.2445
전망대_선유도공원 선유도전망대_431.jpg,city skyline along riverfront,0.2634,Panoramic skyline from hilltop park,0.2346,Bridges over gentle flowing streams,0.2281
전망대_송산그린시티전망대_952.jpg,Seaside tower with panoramic vistas,0.2605,Misty morning fog over rugged shore,0.2557,Fog rolling over quiet harbor,0.2492
전망대_수원산정상전망대_957.jpg,Bamboo forest surrounding secluded shrine,0.2623,Japanese Zen garden with koi pond,0.2586,Traditional wooden temple gate entrance,0.2536
전망대_수원산정상전망대_959.jpg,Riverbank walking route,0.2629,river delta with winding channels,0.2532,Cliffside coastal trail,0.2483
전망대_시화달전망대 시화이루나타워_930.jpg,Seaside tower with panoramic vistas,0.2496,Reflection pool mirroring museum facade,0.2115,Wide-angle view of museum courtyard,0.2099
전망대_아라마루전망대_1403.jpg,Majestic hall framed by cherry blossoms,0.1821,Decorative street flags fluttering,0.1705,Gallery surrounded by lush landscapes,0.1676
전망대_아라마루전망대_1404.jpg,Illuminated festival tents at dusk,0.2167,Grand entrance arch with festival banners,0.2123,Traditional drumming stage backdrop,0.1939
전망대_아라마루전망대_1405.jpg,Open-air restaurant with ocean view,0.2615,Glass-walled restaurant overlooking mountains,0.2286,Sky-high drop tower against clouds,0.2236
전망대_아라타워_1409.jpg,Busy intersection with iconic skyscrapers,0.1948,Outdoor market by historic city walls,0.186,Twisting street through medieval village,0.1796
전망대_아라타워_1410.jpg,Outdoor market by historic city walls,0.2107,Market square with cobblestone paths,0.2044,Weathered market signs and banners,0.2009
전망대_아라타워_1411.jpg,Twinkling lights on amusement rides,0.2134,Sky-high drop tower against clouds,0.206,Reflection in surrounding water bodies,0.1968
전망대_아라폭포전망대_1430.jpg,Interactive educational displays,0.2311,Aquatic exhibits with underwater tunnels,0.2089,Reflection pool mirroring museum facade,0.1983
전망대_아라폭포전망대_1431.jpg,Skybridge connecting department stores,0.2748,Twilight illumination and city lights,0.2643,Nighttime exterior with neon lights,0.2555
전망대_아라폭포전망대_1432.jpg,Sunset silhouette over urban skyline,0.2667,Telescopic silhouette against sunset,0.2546,Panoramic skyline from hilltop park,0.2391
전망대_아미산전망대_1860.jpg,Wide-angle view of museum courtyard,0.2595,Sculpture garden with lush greenery,0.2503,Seaside tower with panoramic vistas,0.2291
전망대_아미산전망대_1861.jpg,Seaside tower with panoramic vistas,0.2801,Clouds beneath glass-floor vantage point,0.2604,Panoramic view from rooftop terrace,0.2573
전망대_아미산전망대_1862.jpg,Ancient stone-paved route,0.2238,Riverbank walking route,0.2133,Curved road with mountain backdrop,0.2008
전망대_에코델타시티전망대_1877.jpg,Seaside tower with panoramic vistas,0.2703,Modern architecture against stormy skies,0.254,Reflection in surrounding water bodies,0.2456
전망대_영도하늘전망대_1869.jpg,Seaside tower with panoramic vistas,0.286,Panoramic view from observation deck,0.2445,Historic wooden roller coaster structure,0.2425
전망대_영종씨사이드 바다전망대_1435.jpg,Tranquil Japanese garden design,0.2458,Modern sculpture in open meadow,0.243,Seasonal flower beds in bloom,0.2378
전망대_오두산통일전망대_921.jpg,Forested hills from wooden lookout,0.2595,Bridge crossing scenic trail,0.2473,Cliffside coastal trail,0.2358
전망대_오두산통일전망대_922.jpg,Art gallery with contemporary facade,0.2575,Wide-angle view of museum courtyard,0.2532,Vast exhibition hall with paintings,0.2508
전망대_오륙도스카이워크_1842.jpg,Seaside tower with panoramic vistas,0.258,Reflection pool mirroring museum facade,0.2411,Clouds beneath glass-floor vantage point,0.2369
전망대_오륙도스카이워크_1843.jpg,Seaside tower with panoramic vistas,0.2662,Sheer sea cliffs with dramatic drop,0.2612,Secluded cove with turquoise waters,0.2488
전망대_오션스코프 경관조형물_1437.jpg,Reflection of city skyline in water,0.2515,Scenic riverbank with floating lanterns,0.2224,Sky filled with vibrant fireworks,0.2169
전망대_오션스코프 경관조형물_1438.jpg,Historic wooden roller coaster structure,0.2658,Sky-high drop tower against clouds,0.2654,Vibrant roller coaster tracks in motion,0.2636
전망대_용유하늘전망대_1439.jpg,Golden roofed palace under clear sky,0.2011,Art gallery with contemporary facade,0.1933,Vast exhibition hall with paintings,0.1931
전망대_용유하늘전망대_1440.jpg,Classic red velvet stage curtains,0.231,Modern minimalist stage design,0.2294,Open-air amphitheater under moonlight,0.2221
전망대_용유하늘전망대_1441.jpg,Seaside tower with panoramic vistas,0.2236,Panoramic view from observation deck,0.2194,Sky-high drop tower against clouds,0.2163
전망대_월미공원 전망대_1425.jpg,Snow-capped mountains from observation deck,0.245,Panoramic view from palace balcony,0.2444,Historic lighthouse overlooking harbor,0.2417
전망대_월미공원 전망대_1426.jpg,Seaside tower with panoramic vistas,0.2651,Harbor entrance with rocky breakwater,0.2622,Modern marina with luxury yachts,0.2611
전망대_인천공항전망대_1414.jpg,Golden roofed palace under clear sky,0.2438,Golden roofed palace under clear sky,0.2438,Panoramic view from palace balcony,0.2318
전망대_임진각관광지_924.jpg,Decorative street flags fluttering,0.2063,Golden roofed palace under clear sky,0.1918,Traditional drumming stage backdrop,0.1879
전망대_임진각관광지_925.jpg,Riverbank walking route,0.2659,river delta with winding channels,0.2355,Bridge crossing scenic trail,0.2166
전망대_임진각관광지_926.jpg,Historic stone fountain centerpiece,0.2798,Seaside tower with panoramic vistas,0.271,Tiered fountain with floral motifs,0.2631
전망대_장화리 일몰 조망지_1418.jpg,Golden sunset over tranquil sea,0.2535,Fishing boats anchored at dusk,0.2341,Secluded cove with turquoise waters,0.23
전망대_장화리 일몰 조망지_1419.jpg,Golden sunset over tranquil sea,0.2692,Harbor entrance with rocky breakwater,0.236,Historic lighthouse overlooking vast ocean,0.2328
전망대_장화리 일몰 조망지_1420.jpg,Golden sunset over tranquil sea,0.2707,Harbor entrance with rocky breakwater,0.2272,Historic lighthouse overlooking vast ocean,0.225
전망대_정동전망대_414.jpg,Panoramic skyline from hilltop park,0.2394,Colorful canopies over market stalls,0.2288,Seasonal flower beds in bloom,0.228
전망대_정동전망대_415.jpg,Majestic hall framed by cherry blossoms,0.2922,Traditional architecture with mountain backdrop,0.279,Japanese Zen garden with koi pond,0.2727
전망대_청사포다릿돌전망대_1848.jpg,Remote observatory in lush forest setting,0.2541,Historic stone observatory on grassy hill,0.2346,Mountain-top observatory with panoramic view,0.2318
전망대_청사포다릿돌전망대_1850.jpg,Winding coastal road hugging the ocean,0.2761,Harbor entrance with rocky breakwater,0.2681,Historic lighthouse overlooking vast ocean,0.2667
전망대_청학배수지 전망대_1872.jpg,Panoramic view from observation deck,0.233,Seaside tower with panoramic vistas,0.2303,Iconic entrance gate with flags,0.2287
전망대_청학배수지 전망대_1873.jpg,Alpine rock garden with waterfall,0.2661,Japanese Zen garden with koi pond,0.2633,Cliffside coastal trail,0.2625
전망대_태종대 전망대_1845.jpg,Majestic hall framed by cherry blossoms,0.2924,Open-air restaurant with ocean view,0.2673,Riverside gallery with reflection views,0.262
전망대_태풍전망대_948.jpg,Golden roofed palace under clear sky,0.2572,Seaside tower with panoramic vistas,0.2551,Traditional architecture with mountain backdrop,0.2403
전망대_태풍전망대_950.jpg,Golden Buddha statue in lush garden,0.2692,Traditional wooden temple gate entrance,0.2646,Modern sculpture in open meadow,0.2462
전망대_하남유니온타워_945.jpg,Seaside tower with panoramic vistas,0.2628,Golden roofed palace under clear sky,0.2394,Snow-capped mountains from observation deck,0.2285
전망대_하남유니온타워_946.jpg,Seaside tower with panoramic vistas,0.2762,Snow-capped mountains from observation deck,0.2674,Traditional architecture with mountain backdrop,0.248
전망대_하남유니온타워_947.jpg,Seaside tower with panoramic vistas,0.2781,Mountain-top observatory with panoramic view,0.2588,Remote observatory in lush forest setting,0.2394
전망대_하늘전망대_442.jpg,Sunset silhouette over urban skyline,0.2539,Twilight illumination and city lights,0.2503,Panoramic skyline from hilltop park,0.2493
전망대_화개산 전망대_1427.jpg,Gallery with expansive skylights,0.2455,Riverside gallery with reflection views,0.2451,Steel lattice against clear blue sky,0.2447
전망대_화개산 전망대_1428.jpg,Mountain-top observatory with panoramic view,0.2516,Seaside tower with panoramic vistas,0.251,Steel lattice against clear blue sky,0.2467
전망대_화개산 전망대_1429.jpg,Seaside tower with panoramic vistas,0.2466,Modern marina with luxury yachts,0.2371,Steel lattice against clear blue sky,0.236
전망대_황령산전망쉼터_1854.jpg,Clifftop observatory overlooking ocean,0.2875,Mountain-top observatory with panoramic view,0.2804,Seaside tower with panoramic vistas,0.2795
전망대_황령산전망쉼터_1855.jpg,Starlit dome under a clear sky,0.2347,Grand entrance arch with festival banners,0.2269,Mountain-top observatory with panoramic view,0.2201
전망대_황령산전망쉼터_1856.jpg,Remote observatory in lush forest setting,0.2919,Mountain-top observatory with panoramic view,0.2841,Clifftop observatory overlooking ocean,0.2768
전통찻집_비비비당_1464.jpg,Art gallery with contemporary facade,0.2824,Art Deco department store façade,0.2696,Historic gallery building exterior,0.2627
전통찻집_비비비당_1465.jpg,Busy intersection with iconic skyscrapers,0.2246,Skybridge connecting department stores,0.2189,Golden roofed palace under clear sky,0.2181
"제과,베이커리_금정사계_1538.jpg",Artistic animal habitat structures,0.2323,Interactive educational displays,0.2193,Architectural aviary dome,0.2149
"제과,베이커리_금정사계_1540.jpg",Modern minimalist restaurant architecture,0.2241,Sunlit window display with pastries,0.2233,Glass-fronted shop in urban setting,0.2226
"제과,베이커리_도쿄팡야 대구범어점_1920.jpg",Retro drive-in theater setting,0.223,Vintage marquee with neon lights,0.2136,Vintage marquee with neon lights,0.2136
"제과,베이커리_도쿄팡야 대구범어점_1921.jpg",Majestic throne room with vaulted ceilings,0.1943,Traditional architecture with mountain backdrop,0.1731,Sky filled with vibrant fireworks,0.1702
"제과,베이커리_르배 본점_1940.jpg",Grand entrance with ornamental pillars,0.2471,Cobblestone alley leading to entrance,0.2444,Charming exterior with vintage signage,0.2409
"제과,베이커리_마시안제빵소_973.jpg",Golden sunset over tranquil sea,0.2565,Harbor entrance with rocky breakwater,0.229,Seaside harbor at golden hour,0.2278
"제과,베이커리_아우어베이커리 도산본점_83.jpg",Glass-fronted shop in urban setting,0.2536,Grand entrance with ornamental pillars,0.2418,Outdoor seating with quaint tables,0.2355
"제과,베이커리_아우어베이커리 도산본점_84.jpg",Glass-fronted shop in urban setting,0.2498,Traditional European-style storefront,0.2377,Modern minimalist restaurant architecture,0.2358
"제과,베이커리_야자수 브런치베이커리카페_529.jpg",Pub garden surrounded by lush greenery,0.2278,Rooftop restaurant with city skyline,0.2105,Glass-walled restaurant overlooking mountains,0.207
"제과,베이커리_오월의종 타임스퀘어점_80.jpg",Art gallery with contemporary facade,0.1891,Minimalist gallery with geometric design,0.1859,Reflection pool mirroring museum facade,0.1774
"제과,베이커리_하우스베이커리_565.jpg",Early morning market street ambiance,0.2154,Open-air restaurant with ocean view,0.205,Vibrant market under hanging lanterns,0.2013
"족발,보쌈_골목족발_918.jpg",Artisan crafts and woven baskets display,0.2111,Glass-fronted shop in urban setting,0.1991,Quiet market corners with old signage,0.1976
주차장_대구미술관 주차장_1998.jpg,Quiet market corners with old signage,0.1984,Market square with cobblestone paths,0.1929,Weathered market signs and banners,0.1928
주차장_대구수목원 제3주차장_1971.jpg,Lush forest with vibrant green canopy,0.235,Grand entrance arch with festival banners,0.222,Clear stream flowing through forest glade,0.2135
주차장_대구수목원 제3주차장_1972.jpg,Modern sculpture in open meadow,0.2413,Historic gazebo amidst lush greenery,0.2332,Golden roofed palace under clear sky,0.2318
주차장_대구수목원 제3주차장_1973.jpg,Aerial view of stadium landscape,0.2635,Forested hills from wooden lookout,0.2414,Stadium against mountain backdrop,0.2388
주차장_부산박물관 주차장_1654.jpg,Blossoming cherry trees in spring,0.2637,Majestic hall framed by cherry blossoms,0.2533,Palace reflection in lotus pond,0.2224
참치회_골목참치_396.jpg,Glass-walled restaurant overlooking mountains,0.2211,Seaside terrace dining at sunset,0.2167,Traditional thatched roof dining pavilion,0.2092
참치회_골목참치_397.jpg,Artisan crafts and woven baskets display,0.247,Traditional thatched roof dining pavilion,0.2463,Open-air restaurant with ocean view,0.2352
참치회_골목참치_398.jpg,Seaside terrace dining at sunset,0.2331,Open-air restaurant with ocean view,0.2329,Glass-walled restaurant overlooking mountains,0.2188
체험학습장_인천수목원 유아숲체험원_1095.jpg,Wooden walkways through tropical zones,0.2539,Interactive educational displays,0.2434,Pathway through a bamboo forest,0.2383
체험학습장_인천수목원 유아숲체험원_1097.jpg,Historic wooden roller coaster structure,0.2776,Bridge crossing scenic trail,0.2451,Twinkling lights on amusement rides,0.2366
추어_골목추어탕 본점_893.jpg,Open-air restaurant with ocean view,0.2173,Vibrant market under hanging lanterns,0.191,Traditional thatched roof dining pavilion,0.1859
추어_골목추어탕 본점_894.jpg,Open-air restaurant with ocean view,0.208,Glass-walled restaurant overlooking mountains,0.2056,Rooftop restaurant with city skyline,0.2011
추어_골목추어탕 본점_895.jpg,Open-air restaurant with ocean view,0.2084,Vibrant market under hanging lanterns,0.1858,Traditional thatched roof dining pavilion,0.1852
축제_대구수목원국화전시회_1968.jpg,Seasonal flower beds in bloom,0.2916,Autumn leaves carpeted walking trail,0.2352,Alpine rock garden with waterfall,0.2327
축제_대구수목원국화전시회_1969.jpg,Bamboo grove shaded pathway,0.2883,Tranquil street under cherry blossoms,0.2671,Sunlit pathways through tall trees,0.2587
축제_대구수목원국화전시회_1970.jpg,Ancient trees with twisted branches,0.2694,Japanese Zen garden with koi pond,0.2669,Bamboo forest surrounding secluded shrine,0.2631
카페_고양이똥 브런치_1.jpg,Open-air restaurant with ocean view,0.2324,Outdoor seating with quaint tables,0.2108,Glass-walled restaurant overlooking mountains,0.2091
카페_고양이똥 브런치_2.jpg,Open-air restaurant with ocean view,0.1996,Modern minimalist restaurant architecture,0.1959,Outdoor seating with quaint tables,0.19
카페_고양이똥 브런치_3.jpg,Minimalist gallery with geometric design,0.234,Modern minimalist restaurant architecture,0.2201,Art gallery with contemporary facade,0.2149
카페_노티스_1473.jpg,Panoramic view from palace balcony,0.2667,Harbor entrance with rocky breakwater,0.2557,Modern marina with luxury yachts,0.2464
카페_노티스_1474.jpg,Rooftop restaurant with city skyline,0.276,Glass-walled restaurant overlooking mountains,0.2682,Open-air restaurant with ocean view,0.2586
카페_대구수목원 카페_1986.jpg,Glass-walled restaurant overlooking mountains,0.2415,Modern minimalist restaurant architecture,0.2375,Glass-fronted shop in urban setting,0.2344
카페_대구수목원 카페_1988.jpg,Sunlit window display with pastries,0.2756,Wooden shutters and flower boxes,0.2116,Glass-fronted shop in urban setting,0.2112
카페_대연골목_1840.jpg,Classic red velvet stage curtains,0.2389,Modern minimalist stage design,0.2024,Sweeping gardens with symmetrical layout,0.1858
카페_데이지브런치카페_537.jpg,Modern minimalist restaurant architecture,0.2024,Open-air restaurant with ocean view,0.1991,Vine-covered courtyard dining area,0.197
카페_라메르베이커리카페_1071.jpg,Sunlit window display with pastries,0.2051,Modern minimalist restaurant architecture,0.193,Gallery surrounded by lush landscapes,0.1921
카페_라메르베이커리카페_1072.jpg,Riverside pub with scenic water views,0.2829,Open-air restaurant with ocean view,0.2346,city skyline along riverfront,0.2288
카페_라몽드브런치카페_1923.jpg,Sculpture garden with lush greenery,0.215,Wide-angle view of museum courtyard,0.2126,Expansive open-air enclosures,0.1976
카페_레드브릿지_555.jpg,Reflective glass and steel structure,0.2267,Courtyard view with stone pathways,0.2259,Grand entrance with ornamental pillars,0.2223
카페_레드브릿지_556.jpg,Glass-walled restaurant overlooking mountains,0.2786,Open-air restaurant with ocean view,0.2585,Sunlit window display with pastries,0.2339
카페_매화마름_1079.jpg,Golden roofed palace under clear sky,0.2662,Golden roofed palace under clear sky,0.2662,Traditional architecture with mountain backdrop,0.2653
카페_메이드림_1068.jpg,Lush forest with vibrant green canopy,0.2682,Tropical greenhouse with exotic plants,0.2675,Alpine rock garden with waterfall,0.2542
카페_메이드림_1069.jpg,Artistic animal habitat structures,0.2536,Treehouse observation decks,0.2473,Ancient trees with twisted branches,0.2428
카페_메이드림_1070.jpg,Traditional wooden temple gate entrance,0.2444,Art Deco department store façade,0.2225,Lotus pond reflecting temple facade,0.2224
카페_몬떼델피노_558.jpg,Open-air restaurant with ocean view,0.2734,Quaint village pub under starry night sky,0.2682,Modern multiplex exterior at dusk,0.2588
카페_바다보다_1086.jpg,Classic red velvet theater curtain,0.2764,Classic red velvet stage curtains,0.2742,Modern minimalist stage design,0.2534
카페_바다보다_1087.jpg,Artistic animal habitat structures,0.2029,Aquatic exhibits with underwater tunnels,0.2018,Expansive open-air enclosures,0.1944
카페_바다보다_1088.jpg,Aquatic exhibits with underwater tunnels,0.2172,Artistic animal habitat structures,0.2115,Expansive open-air enclosures,0.1985
카페_발리다_450.jpg,Traditional drumming stage backdrop,0.2212,Classic red velvet stage curtains,0.2162,Modern minimalist stage design,0.2063
카페_발리다_451.jpg,Classic red velvet stage curtains,0.2285,Modern minimalist stage design,0.2164,Traditional drumming stage backdrop,0.2046
카페_발리다_452.jpg,Classic red velvet stage curtains,0.2323,Modern minimalist stage design,0.2223,Traditional drumming stage backdrop,0.214
카페_브런치가든 계양구청점_1040.jpg,Glass-walled restaurant overlooking mountains,0.2214,Vine-covered courtyard dining area,0.2154,Traditional thatched roof dining pavilion,0.209
카페_브런치위치_522.jpg,Modern minimalist restaurant architecture,0.2256,Glass-fronted shop in urban setting,0.2026,Traditional wooden pub with vintage signage,0.2006
카페_브런치위치_523.jpg,Skybridge connecting department stores,0.268,Foggy alleyway with glowing neon signs,0.2281,Rain-soaked street reflecting neon lights,0.2218
카페_브런치카페 이안_1530.jpg,Glass-walled restaurant overlooking mountains,0.2133,Open-air restaurant with ocean view,0.2046,Sunlit window display with pastries,0.2021
카페_브런치포레_517.jpg,Tropical greenhouse with exotic plants,0.3002,Vine-covered courtyard dining area,0.2901,Outdoor seating with quaint tables,0.2683
카페_블루트렁크 오이도거북섬본점_465.jpg,Open-air restaurant with ocean view,0.2268,Seaside terrace dining at sunset,0.2151,Glass-walled restaurant overlooking mountains,0.2054
카페_블루트렁크 오이도거북섬본점_466.jpg,Vine-covered courtyard dining area,0.2092,Intricate floral floats in parade,0.2068,Artisan crafts and woven baskets display,0.198
카페_블루트렁크 오이도거북섬본점_467.jpg,Rooftop restaurant with city skyline,0.2173,Traditional thatched roof dining pavilion,0.2151,Open-air restaurant with ocean view,0.2138
카페_비파티세리 공덕점_66.jpg,Traditional wooden temple gate entrance,0.2989,Temple courtyard with ancient bells,0.2795,Wide-angle view of museum courtyard,0.2775
카페_빌라드파넬_572.jpg,Grand entrance with ornamental pillars,0.2481,Glass-walled restaurant overlooking mountains,0.2445,Symmetrical palace facade at sunrise,0.2393
카페_스노잉클라우드_1484.jpg,Open-air restaurant with ocean view,0.2549,Seaside terrace dining at sunset,0.2526,Glass-walled restaurant overlooking mountains,0.2394
카페_스노잉클라우드_1486.jpg,Gallery surrounded by lush landscapes,0.2416,Gallery with expansive skylights,0.2291,Riverside gallery with reflection views,0.2244
카페_앵커커피로스터즈_474.jpg,Sunlit window display with pastries,0.2726,Open-air restaurant with ocean view,0.256,Seaside terrace dining at sunset,0.2513
카페_어반브런치_501.jpg,Sunlit window display with pastries,0.2047,Outdoor seating with quaint tables,0.2046,Cozy pub corner with rustic fireplace,0.2046
카페_엠클리프_982.jpg,Clifftop observatory overlooking ocean,0.2628,Modern glass observatory in cityscape,0.2593,Mountain-top observatory with panoramic view,0.2554
카페_오라카페&브런치_1043.jpg,Open-air restaurant with ocean view,0.2173,Seaside terrace dining at sunset,0.2061,Glass-walled restaurant overlooking mountains,0.2054
카페_인더매스 삼덕_1932.jpg,Open-air restaurant with ocean view,0.2246,Glass-walled restaurant overlooking mountains,0.2218,Quiet cul-de-sac with ivy-covered walls,0.2117
카페_인더매스 삼덕_1933.jpg,Open-air restaurant with ocean view,0.2283,Seaside pub with panoramic ocean backdrop,0.2208,Seaside terrace dining at sunset,0.2146
카페_인더매스 삼덕_1934.jpg,Open-air restaurant with ocean view,0.2474,Pub garden surrounded by lush greenery,0.2339,Alfresco seating under string lights,0.2329
카페_지금이곳_1059.jpg,Pub garden surrounded by lush greenery,0.2264,Glass-walled restaurant overlooking mountains,0.2225,Riverside pub with scenic water views,0.21
카페_지금이곳_1060.jpg,Mountain-top observatory with panoramic view,0.2905,Clifftop observatory overlooking ocean,0.2718,Telescopic silhouette against sunset,0.2692
카페_지금이곳_1061.jpg,Traditional wooden temple gate entrance,0.2805,Traditional thatched roof dining pavilion,0.278,Bamboo forest surrounding secluded shrine,0.2751
카페_차덕분_975.jpg,Gallery surrounded by lush landscapes,0.2166,Traditional architecture with mountain backdrop,0.194,Minimalist gallery with geometric design,0.1842
카페_차덕분_976.jpg,Open-air restaurant with ocean view,0.2607,Glass-walled restaurant overlooking mountains,0.2549,Rooftop restaurant with city skyline,0.2509
카페_차덕분_977.jpg,Skybridge connecting department stores,0.2471,Grand facade with ornamental detailing,0.2253,Crenellated towers against a blue sky,0.2218
카페_칠암사계_1545.jpg,Art gallery with contemporary facade,0.2511,Historic gallery building exterior,0.2425,Open-air restaurant with ocean view,0.2396
카페_칠암사계_1546.jpg,Skybridge connecting department stores,0.2416,Grand staircase in central atrium,0.1941,Classic red velvet theater curtain,0.1928
카페_카페 메르디_985.jpg,Art Deco department store façade,0.2845,Art deco cinema architecture,0.2793,Grand theater entrance facade,0.2633
카페_카페 메르디_986.jpg,Open-air restaurant with ocean view,0.2364,Seaside terrace dining at sunset,0.2226,Glass-walled restaurant overlooking mountains,0.2098
카페_카페109하우스_987.jpg,Courtyard view with stone pathways,0.2673,Twisting alley with ivy-covered archways,0.2647,Grand entrance with ornamental pillars,0.2638
카페_카페109하우스_988.jpg,Sky-high drop tower against clouds,0.1993,Sky filled with vibrant fireworks,0.1856,Twinkling lights on amusement rides,0.1797
카페_카페385_1460.jpg,Early morning market street ambiance,0.2401,Sunlit window display with pastries,0.233,Outdoor seating with quaint tables,0.2092
카페_카페385_1461.jpg,Open-air restaurant with ocean view,0.2701,Rooftop restaurant with city skyline,0.2658,Traditional thatched roof dining pavilion,0.2494
카페_카페윤_1454.jpg,Seaside tower with panoramic vistas,0.2728,Historic lighthouse overlooking vast ocean,0.2537,Gallery with expansive skylights,0.2508
카페_카페윤_1455.jpg,Open-air restaurant with ocean view,0.2496,Seaside terrace dining at sunset,0.2264,Glass-walled restaurant overlooking mountains,0.2112
카페_카페윤_1456.jpg,Architectural details of stadium facade,0.2711,Stadium exterior with dramatic lighting,0.2648,Modernist exterior with geometric lines,0.2552
카페_카펠라_1901.jpg,Open-air amphitheater under moonlight,0.2352,Modern glass observatory in cityscape,0.2193,Telescopic silhouette against sunset,0.2156
카페_코스모40_1058.jpg,Art gallery with contemporary facade,0.2591,Architectural details of stadium facade,0.2511,Gilded balcony and box seats,0.2439
카페_쿠타팜테라스 브런치카페_1496.jpg,Open-air restaurant with ocean view,0.2214,Modern minimalist restaurant architecture,0.2116,Glass-walled restaurant overlooking mountains,0.2107
카페_쿠타팜테라스 브런치카페_1497.jpg,Open-air restaurant with ocean view,0.2333,Outdoor seating with quaint tables,0.2114,Rooftop restaurant with city skyline,0.2108
카페_토크라피_969.jpg,Glass-fronted shop in urban setting,0.2286,Traditional European-style storefront,0.2282,Glass-walled restaurant overlooking mountains,0.2179
카페_토크라피_970.jpg,Sunlit window display with pastries,0.2087,Open-air restaurant with ocean view,0.1985,Glass-walled restaurant overlooking mountains,0.1976
카페_토크라피_971.jpg,Glass-walled restaurant overlooking mountains,0.1842,Sunlit window display with pastries,0.1838,Cozy pub corner with rustic fireplace,0.1809
카페_티아이티에프_1956.jpg,Open-air restaurant with ocean view,0.2247,Colorful awnings and hanging lanterns,0.2206,Outdoor seating with quaint tables,0.2131
카페_티아이티에프_1957.jpg,Graffiti-covered urban alleyway murals,0.2726,Wide-angle view of museum courtyard,0.2512,Courtyard view with stone pathways,0.2294
카페_티아이티에프_1958.jpg,Traditional architecture with mountain backdrop,0.2768,Panoramic view from rooftop terrace,0.2679,Gabled rooftops against autumn foliage,0.2531
카페_파이브어클락_472.jpg,Sunlit window display with pastries,0.2317,Glass-fronted shop in urban setting,0.2222,Outdoor seating with quaint tables,0.2136
카페_포레스트아웃팅스 일산본점_542.jpg,Open-air restaurant with ocean view,0.2337,Rooftop restaurant with city skyline,0.2236,Historical building with ornate facade,0.2223
카페_하이바다_996.jpg,Open-air restaurant with ocean view,0.275,Traditional thatched roof dining pavilion,0.2624,Secluded cove with turquoise waters,0.2466
카페_하이바다_997.jpg,Open-air restaurant with ocean view,0.267,Traditional thatched roof dining pavilion,0.2467,Alfresco seating under string lights,0.2385
카페_하이바다_998.jpg,Open-air restaurant with ocean view,0.2835,Golden roofed palace under clear sky,0.2297,Panoramic view from observation deck,0.229
카페_헤이든신씨어_1550.jpg,Cascading water in urban park,0.2544,Minimalist modern water feature,0.2469,Reflection pool with bronze spouts,0.2465
칼국수_골목손칼국수_1829.jpg,Glass-fronted shop in urban setting,0.2574,Traditional European-style storefront,0.2518,Charming exterior with vintage signage,0.2434
커피전문점_골목사이_915.jpg,Graffiti-covered urban alleyway murals,0.2489,Alley with overhanging laundry lines,0.2418,Seaside tower with panoramic vistas,0.2357
커피전문점_골목사이_916.jpg,Open-air restaurant with ocean view,0.2798,Charming exterior with vintage signage,0.2599,Traditional European-style storefront,0.2554
커피전문점_그린홀리데이_1075.jpg,Open-air restaurant with ocean view,0.236,Seaside pub with panoramic ocean backdrop,0.2217,Seaside terrace dining at sunset,0.2161
커피전문점_배곧아띠_460.jpg,Modern minimalist restaurant architecture,0.2409,Glass-walled restaurant overlooking mountains,0.2354,Open-air restaurant with ocean view,0.235
커피전문점_뻘다방_966.jpg,Grand entrance arch with festival banners,0.2255,Seaside harbor at golden hour,0.2234,Colorful canopies over market stalls,0.2175
커피전문점_뻘다방_967.jpg,Seaside pub with panoramic ocean backdrop,0.2507,Open-air restaurant with ocean view,0.2466,Colorful awnings and hanging lanterns,0.2306
커피전문점_뻘다방_968.jpg,Seaside pub with panoramic ocean backdrop,0.2643,Open-air restaurant with ocean view,0.2578,Outdoor seating with quaint tables,0.2554
커피전문점_웨이브온커피_1445.jpg,Modern marina with luxury yachts,0.2599,Secluded cove with turquoise waters,0.2584,Open-air restaurant with ocean view,0.2504
커피전문점_웨이브온커피_1447.jpg,Open-air restaurant with ocean view,0.2757,Seaside terrace dining at sunset,0.2558,Modern marina with luxury yachts,0.2425
커피전문점_해밀화_456.jpg,Open-air restaurant with ocean view,0.2493,Outdoor seating with quaint tables,0.237,Glass-walled restaurant overlooking mountains,0.2258
테마파크_강화루지_1265.jpg,Forested hills from wooden lookout,0.2473,Panoramic skyline from hilltop park,0.2472,Twilight illumination and city lights,0.2399
테마파크_강화루지_1267.jpg,Vibrant roller coaster tracks in motion,0.2204,Riverbank walking route,0.2125,Traditional drumming stage backdrop,0.2108
테마파크_농협안성팜랜드_800.jpg,Gallery surrounded by lush landscapes,0.2555,Open prairie trail under vast sky,0.2247,Golden roofed palace under clear sky,0.2237
테마파크_니지모리스튜디오_822.jpg,Sunlit alley with colorful hanging lanterns,0.2851,Narrow lane with colorful murals,0.2764,Historic alley with vintage street lamps,0.2706
테마파크_니지모리스튜디오_823.jpg,Giant water slide under blue sky,0.235,Tranquil Japanese garden design,0.2349,Vibrant roller coaster tracks in motion,0.2345
테마파크_두리랜드_812.jpg,Seasonal window display decorations,0.2366,Glass-fronted shop in urban setting,0.2195,Traditional European-style storefront,0.1973
테마파크_두리랜드_813.jpg,Seasonal window display decorations,0.2192,Glass atrium with natural light,0.1777,Outdoor sculpture garden with pathways,0.1772
테마파크_두리랜드_814.jpg,Historic lighthouse overlooking harbor,0.231,Early morning market street ambiance,0.2239,Market square with cobblestone paths,0.2231
테마파크_런닝맨 인사동점_299.jpg,Interactive educational displays,0.273,Aquatic exhibits with underwater tunnels,0.2047,Artistic animal habitat structures,0.1947
테마파크_롯데월드 어드벤처 부산_1716.jpg,Colorful carousel and spinning lights,0.2803,Intricate floral floats in parade,0.2754,Twinkling lights on amusement rides,0.271
테마파크_롯데월드 어드벤처 부산_1717.jpg,Grand entrance with ornamental pillars,0.1783,Grand entrance with ornamental pillars,0.1783,Art gallery with contemporary facade,0.1777
테마파크_롯데월드 어드벤처 부산_1718.jpg,Grand entrance arch with festival banners,0.2412,Classic red velvet stage curtains,0.2368,Modern minimalist stage design,0.2311
테마파크_루덴시아_827.jpg,Market square with cobblestone paths,0.2328,Traditional architecture with mountain backdrop,0.2291,Outdoor market by historic city walls,0.2274
테마파크_루덴시아_828.jpg,Open-air restaurant with ocean view,0.2657,Traditional architecture with mountain backdrop,0.2605,Glass-walled restaurant overlooking mountains,0.2549
테마파크_루덴시아_829.jpg,Classic red velvet stage curtains,0.225,Twinkling lights on amusement rides,0.2164,Panoramic view from observation deck,0.183
테마파크_마이랜드_1283.jpg,Colorful carousel and spinning lights,0.3025,Twinkling lights on amusement rides,0.296,"Amusement park at night, neon glow",0.2695
테마파크_마이랜드_1284.jpg,Twinkling lights on amusement rides,0.272,Intricate floral floats in parade,0.2521,Colorful carousel and spinning lights,0.2508
테마파크_마이랜드_1285.jpg,Alley with overhanging laundry lines,0.1888,Palace reflection in lotus pond,0.1838,Narrow cobblestone alley with stone walls,0.1835
테마파크_매직아일랜드_307.jpg,Crenellated towers against a blue sky,0.263,Golden roofed palace under clear sky,0.2519,Golden roofed palace under clear sky,0.2519
테마파크_매직아일랜드_308.jpg,Bridges over gentle flowing streams,0.2287,Blossoming cherry trees in spring,0.2268,Palace reflection in lotus pond,0.2214
테마파크_배미꾸미조각공원_1298.jpg,Historic lighthouse overlooking vast ocean,0.249,Harbor entrance with rocky breakwater,0.2465,Historic lighthouse overlooking harbor,0.2441
테마파크_배미꾸미조각공원_1299.jpg,Historic lighthouse overlooking vast ocean,0.2449,Harbor entrance with rocky breakwater,0.2369,Winding coastal road hugging the ocean,0.2361
테마파크_배미꾸미조각공원_1300.jpg,Modern sculpture in open meadow,0.2803,Historic stone fountain centerpiece,0.2693,Tiered fountain with floral motifs,0.24
테마파크_법무부 부산솔로몬로파크_1738.jpg,Classic red velvet stage curtains,0.2064,Modern minimalist stage design,0.2007,Vast exhibition hall with paintings,0.1898
테마파크_법무부 부산솔로몬로파크_1739.jpg,Classic red velvet stage curtains,0.2318,Modern minimalist stage design,0.2134,Panoramic view from palace balcony,0.2036
테마파크_봉화산옹기테마공원_303.jpg,Outdoor sculpture garden with pathways,0.2461,Riverbank walking route,0.2391,Ancient stone-paved route,0.2291
테마파크_봉화산옹기테마공원_304.jpg,Modern sculpture in open meadow,0.2496,Traditional wooden temple gate entrance,0.24,Golden Buddha statue in lush garden,0.237
테마파크_봉화산옹기테마공원_305.jpg,Sculpted topiary garden maze,0.2369,Japanese Zen garden with koi pond,0.2235,Water lily pond with reflection,0.2156
테마파크_부산어린이대공원_1724.jpg,Tropical greenhouse with exotic plants,0.246,Panoramic view from observation deck,0.2399,Bamboo grove shaded pathway,0.2294
테마파크_브릭캠퍼스 부산_1744.jpg,Aerial view of stadium landscape,0.2723,Wide-angle view of stadium roof,0.2607,Panoramic view from stadium seats,0.2524
테마파크_브릭캠퍼스 부산_1745.jpg,Riverside gallery with reflection views,0.2406,Vast exhibition hall with paintings,0.2403,Art gallery with contemporary facade,0.2373
테마파크_뽀로로&타요 콘텐츠 테마파크빌딩 월미_1274.jpg,Open-air amphitheater under moonlight,0.246,Classic red velvet stage curtains,0.2438,Modern minimalist stage design,0.2427
테마파크_뽀로로&타요 테마파크 월미도점_1307.jpg,Sky-high drop tower against clouds,0.228,Panoramic view from observation deck,0.2195,Classic red velvet stage curtains,0.2187
테마파크_뽀로로&타요 테마파크 월미도점_1308.jpg,Graffiti-covered urban alleyway murals,0.2528,Sunlit alley with colorful hanging lanterns,0.2213,Alley with overhanging laundry lines,0.209
테마파크_뽀로로&타요 테마파크 월미도점_1309.jpg,Classic red velvet stage curtains,0.2362,Modern minimalist stage design,0.2138,Classic red velvet theater curtain,0.2114
테마파크_서울 어린이 대공원 놀이 동산_279.jpg,Twinkling lights on amusement rides,0.2639,Vibrant roller coaster tracks in motion,0.2553,Colorful carousel and spinning lights,0.2422
테마파크_서울 어린이 대공원 놀이 동산_280.jpg,Vibrant roller coaster tracks in motion,0.2682,Giant water slide under blue sky,0.2526,Historic wooden roller coaster structure,0.2506
테마파크_서울 어린이 대공원 놀이 동산_281.jpg,Vibrant roller coaster tracks in motion,0.2707,Giant water slide under blue sky,0.2514,Historic wooden roller coaster structure,0.2484
테마파크_서울대공원_803.jpg,Twinkling lights on amusement rides,0.2277,Colorful carousel and spinning lights,0.225,Modern minimalist stage design,0.2171
테마파크_서울대공원_804.jpg,Open-air restaurant with ocean view,0.1946,Grand entrance with ornamental pillars,0.1933,Majestic hall framed by cherry blossoms,0.1773
테마파크_서울랜드_809.jpg,Classic red velvet stage curtains,0.2093,Modern minimalist stage design,0.2038,Quaint village pub under starry night sky,0.1838
테마파크_서울어린이대공원_282.jpg,Iconic entrance gate with flags,0.2392,Classic red velvet stage curtains,0.2304,Panoramic view from observation deck,0.2271
테마파크_서울어린이대공원_283.jpg,Safari-themed landscape views,0.2442,Interactive educational displays,0.2378,Tranquil Japanese garden design,0.2368
테마파크_서울어린이대공원_284.jpg,Modern minimalist stage design,0.2326,Grand entrance arch with festival banners,0.2301,Classic red velvet stage curtains,0.2273
테마파크_스머프매직포레스트_296.jpg,Classic red velvet stage curtains,0.2275,Quaint village pub under starry night sky,0.2224,Open-air amphitheater under moonlight,0.1906
테마파크_스카이라인 루지_1728.jpg,Vibrant roller coaster tracks in motion,0.2679,Bridge crossing scenic trail,0.2455,Giant water slide under blue sky,0.2427
테마파크_에버랜드_798.jpg,Grand entrance arch with festival banners,0.2452,Outdoor market by historic city walls,0.2202,Decorative street flags fluttering,0.2193
테마파크_용인농촌테마파크_839.jpg,Seasonal flower beds in bloom,0.2689,Blossoming cherry trees in spring,0.2493,Twinkling lights on amusement rides,0.2485
테마파크_용인농촌테마파크_840.jpg,Gabled rooftops against autumn foliage,0.2751,Sunset illuminating forest canopy,0.2472,Palace reflection in lotus pond,0.2467
테마파크_용인농촌테마파크_841.jpg,Blossoming cherry trees in spring,0.2521,Gabled rooftops against autumn foliage,0.2498,Colorful lanterns illuminating the street,0.2461
테마파크_원마운트_831.jpg,Aquatic exhibits with underwater tunnels,0.2641,Giant water slide under blue sky,0.2337,Interactive educational displays,0.2276
테마파크_원마운트_832.jpg,Giant water slide under blue sky,0.2483,Twinkling lights on amusement rides,0.234,"Amusement park at night, neon glow",0.2229
테마파크_인스파이어 디스커버리 파크_1302.jpg,Modern minimalist stage design,0.2166,Traditional wooden temple gate entrance,0.2131,Glass atrium with natural light,0.2084
테마파크_인천공룡월드_1288.jpg,Interior courtyard with natural light,0.2111,Skybridge connecting department stores,0.2096,Majestic throne room with vaulted ceilings,0.2094
테마파크_인천대공원_1268.jpg,Historic gazebo amidst lush greenery,0.2725,Bamboo grove shaded pathway,0.2581,Grand entrance with ornamental pillars,0.2517
테마파크_태종대오션플라잉테마파크_1740.jpg,Seaside tower with panoramic vistas,0.2784,Winding coastal road hugging the ocean,0.2677,Harbor entrance with rocky breakwater,0.251
테마파크_태종대오션플라잉테마파크_1741.jpg,Classic red velvet stage curtains,0.2503,Modern minimalist stage design,0.2354,Panoramic view from palace balcony,0.2236
테마파크_태종대오션플라잉테마파크_1742.jpg,Modern marina with luxury yachts,0.2524,Seaside tower with panoramic vistas,0.2519,Architectural details of stadium facade,0.2449
테마파크_트릭아이뮤지엄_300.jpg,Vast exhibition hall with paintings,0.2391,Fountain with colorful mosaic tiles,0.2381,Colorful sailboats in calm waters,0.2296
테마파크_트릭아이뮤지엄_301.jpg,Art Deco department store façade,0.2295,Historical building with ornate facade,0.2249,Traditional architecture with mountain backdrop,0.2139
테마파크_파라다이스시티 원더박스_1280.jpg,Twinkling lights on amusement rides,0.2854,"Amusement park at night, neon glow",0.2701,Colorful carousel and spinning lights,0.2697
테마파크_파라다이스시티 원더박스_1281.jpg,Twinkling lights on amusement rides,0.2825,Colorful carousel and spinning lights,0.264,Classic red velvet stage curtains,0.2622
테마파크_퍼스트가든_815.jpg,Nighttime exterior with neon lights,0.2619,Twisting street through medieval village,0.2406,Skybridge connecting department stores,0.2281
테마파크_퍼스트가든_817.jpg,Historic gazebo amidst lush greenery,0.3023,Historic stone fountain centerpiece,0.283,Tiered fountain with floral motifs,0.2821
테마파크시설_롯데월드어드벤처 부산점 자이언트디거_1751.jpg,Riverbank walking route,0.2187,Skybridge connecting department stores,0.2106,Meandering forest path,0.1986
테마파크시설_어린이대공원 능동숲속의무대_312.jpg,Gilded balcony and box seats,0.2296,Stadium against mountain backdrop,0.2196,Architectural details of stadium facade,0.2193
테마파크시설_어린이대공원 능동숲속의무대_313.jpg,Intricate floral floats in parade,0.2125,Modern sculpture in open meadow,0.2061,Blossoming cherry trees in spring,0.203
테마파크시설_어린이대공원 능동숲속의무대_314.jpg,Interactive educational displays,0.209,Expansive open-air enclosures,0.2073,Intricate floral floats in parade,0.2048
테마파크시설_어린이대공원 팔각당_318.jpg,Traditional wooden temple gate entrance,0.2974,Traditional architecture with mountain backdrop,0.2832,Seaside tower with panoramic vistas,0.279
한식_골목보리밥_1385.jpg,Glass-walled restaurant overlooking mountains,0.1786,Modern minimalist restaurant architecture,0.1728,Open-air restaurant with ocean view,0.1715
한식_골목보리밥_1387.jpg,Open-air restaurant with ocean view,0.2194,Seaside terrace dining at sunset,0.2097,Traditional thatched roof dining pavilion,0.2053
한식_골목순대국밥집_1374.jpg,Open-air restaurant with ocean view,0.2562,Traditional European-style storefront,0.2486,Glass-fronted shop in urban setting,0.2467
한식_연탄골목_911.jpg,Colorful awnings and hanging lanterns,0.257,Rustic wooden interior with chandeliers,0.2562,Pub interior with ornate stained glass,0.2394
한식_연탄골목_912.jpg,Charming exterior with vintage signage,0.259,Traditional European-style storefront,0.2582,Colorful awnings and hanging lanterns,0.2546
한식_연탄골목_913.jpg,Colorful canopies over market stalls,0.2236,Open-air restaurant with ocean view,0.2199,Outdoor seating with quaint tables,0.2137
한식뷔페_골목한식뷔페_1367.jpg,Open-air restaurant with ocean view,0.2614,Rooftop restaurant with city skyline,0.2412,Outdoor seating with quaint tables,0.2343
한식뷔페_골목한식뷔페_1368.jpg,Glass-fronted shop in urban setting,0.2214,Open-air restaurant with ocean view,0.2184,Glass-walled restaurant overlooking mountains,0.209
한식뷔페_골목한식뷔페_1369.jpg,Open-air restaurant with ocean view,0.2431,Charming exterior with vintage signage,0.2397,Glass-fronted shop in urban setting,0.2387
"해물,생선_골목안집_1816.jpg",Classic red velvet stage curtains,0.2278,Modern minimalist stage design,0.224,Reflection pool mirroring museum facade,0.2031
"해물,생선_골목안집_1817.jpg",Traditional thatched roof dining pavilion,0.2257,Open-air restaurant with ocean view,0.2012,Outdoor market by historic city walls,0.1912
"해물,생선_골목안채_887.jpg",Quaint village pub under starry night sky,0.266,Traditional wooden pub with vintage signage,0.2484,Historic pub exterior with cobblestone streets,0.2473
"해물,생선_골목안채_888.jpg",Open-air restaurant with ocean view,0.2211,Reflection pool mirroring museum facade,0.2017,Palace reflection in lotus pond,0.1988
"해물,생선_골목안채_889.jpg",Glass-walled restaurant overlooking mountains,0.2173,Open-air restaurant with ocean view,0.2152,Vast exhibition hall with paintings,0.2107
"해물,생선_골목쭈꾸미_1825.jpg",Traditional European-style storefront,0.2589,Open-air restaurant with ocean view,0.2549,Charming exterior with vintage signage,0.2483
"해물,생선_골목쭈꾸미_1826.jpg",Weathered market signs and banners,0.2419,Quiet market corners with old signage,0.2289,Open-air restaurant with ocean view,0.2277
"해물,생선_오빠가찜해줄께 부산본점_1666.jpg",Glass-walled restaurant overlooking mountains,0.2139,Traditional thatched roof dining pavilion,0.2087,Pub garden surrounded by lush greenery,0.2054
"해물,생선_오빠가찜해줄께 부산본점_1667.jpg",Open-air restaurant with ocean view,0.2433,Glass-walled restaurant overlooking mountains,0.2363,Glass-fronted shop in urban setting,0.2184
"향교,서당_교동향교_1259.jpg",Traditional wooden temple gate entrance,0.3177,Bamboo forest surrounding secluded shrine,0.2697,Ornate gate with intricate carvings,0.264
"향교,서당_교동향교_1260.jpg",Riverbank walking route,0.2556,Open prairie trail under vast sky,0.2526,Meandering forest path,0.2458
"향교,서당_교동향교_1261.jpg",Ancient stone-paved route,0.2855,Stone lanterns lining temple pathway,0.2535,Bridge crossing scenic trail,0.2393
"향교,서당_동래향교_1704.jpg",Temple courtyard with ancient bells,0.2976,Traditional wooden temple gate entrance,0.2968,Historic gazebo amidst lush greenery,0.2843
"향교,서당_동래향교_1705.jpg",Lush botanical gardens with exotic plants,0.2428,Architectural aviary dome,0.2414,Tropical greenhouse with exotic plants,0.2367
"향교,서당_동래향교_1706.jpg",Vast exhibition hall with paintings,0.201,Grand entrance with ornamental pillars,0.1993,Art gallery with contemporary facade,0.197
호수_석촌호수 서호_136.jpg,Symmetrical palace facade at sunrise,0.2586,Sunset silhouette over urban skyline,0.2518,Reflection of city skyline in water,0.2491
호수_석촌호수 서호_138.jpg,Blossoming cherry trees in spring,0.2673,Majestic hall framed by cherry blossoms,0.2573,Grand entrance arch with festival banners,0.2268
"호프,요리주점_골목_1803.jpg",Interactive educational displays,0.2166,Open-air restaurant with ocean view,0.2048,Artistic animal habitat structures,0.1916
"호프,요리주점_골목_1804.jpg",Grand entrance arch with festival banners,0.2031,Open-air restaurant with ocean view,0.1995,Decorative street flags fluttering,0.1855
"호프,요리주점_골목_1805.jpg",Grand entrance arch with festival banners,0.2239,Sky filled with vibrant fireworks,0.2209,Decorative street flags fluttering,0.2206
